{"elements":[{"from":[5.142857,5.714286,5.142857],"to":[10.857143,12.571428,16.57143],"rotation":{"angle":0.0,"axis":"y","origin":[8.0,-2.285715,8.0]},"faces":{"east":{"uv":[0.0,2.5,2.5,4.0],"rotation":0,"texture":"#0","tintindex":0},"south":{"uv":[6.25,2.5,7.5,4.0],"rotation":0,"texture":"#0","tintindex":0},"north":{"uv":[2.5,2.5,3.75,4.0],"rotation":0,"texture":"#0","tintindex":0},"west":{"uv":[3.75,2.5,6.25,4.0],"rotation":0,"texture":"#0","tintindex":0},"up":{"uv":[3.75,2.5,2.5,0.0],"rotation":0,"texture":"#0","tintindex":0},"down":{"uv":[5.0,0.0,3.75,2.5],"rotation":0,"texture":"#0","tintindex":0}}}],"textures":{"0":"modelengine:entity/ostrich"},"display":{"head":{"translation":[0.0,-6.4,0.0],"scale":[4.0,4.0,4.0]}}}