{"elements":[{"from":[6.285714,7.428571,6.857143],"to":[9.714286,20.57143,9.714286],"rotation":{"angle":0.0,"axis":"y","origin":[8.0,-4.000001,16.57143]},"faces":{"east":{"uv":[0.0,6.25,0.625,9.125],"rotation":0,"texture":"#0","tintindex":0},"south":{"uv":[2.0,6.25,2.75,9.125],"rotation":0,"texture":"#0","tintindex":0},"north":{"uv":[0.625,6.25,1.375,9.125],"rotation":0,"texture":"#0","tintindex":0},"west":{"uv":[1.375,6.25,2.0,9.125],"rotation":0,"texture":"#0","tintindex":0},"up":{"uv":[1.375,6.25,0.625,5.625],"rotation":0,"texture":"#0","tintindex":0},"down":{"uv":[2.125,5.625,1.375,6.25],"rotation":0,"texture":"#0","tintindex":0}}},{"from":[6.857143,17.714287,4.5714283],"to":[9.142858,18.857143,6.857143],"rotation":{"angle":0.0,"axis":"y","origin":[8.0,-4.000001,16.57143]},"faces":{"east":{"uv":[0.0,0.5,0.5,0.75],"rotation":0,"texture":"#0","tintindex":0},"south":{"uv":[1.5,0.5,2.0,0.75],"rotation":0,"texture":"#0","tintindex":0},"north":{"uv":[0.5,0.5,1.0,0.75],"rotation":0,"texture":"#0","tintindex":0},"west":{"uv":[1.0,0.5,1.5,0.75],"rotation":0,"texture":"#0","tintindex":0},"up":{"uv":[1.0,0.5,0.5,0.0],"rotation":0,"texture":"#0","tintindex":0},"down":{"uv":[1.5,0.0,1.0,0.5],"rotation":0,"texture":"#0","tintindex":0}}}],"textures":{"0":"modelengine:entity/ostrich"},"display":{"head":{"translation":[0.0,-6.4,0.0],"scale":[4.0,4.0,4.0]}}}