{"elements":[{"from":[7.428571,0.0,6.285714],"to":[9.142858,8.0,8.0],"rotation":{"angle":0.0,"axis":"y","origin":[9.714286,0.0,4.5714283]},"faces":{"east":{"uv":[2.0,13.375,2.375,15.125],"rotation":0,"texture":"#0","tintindex":0},"south":{"uv":[3.125,13.375,3.5,15.125],"rotation":0,"texture":"#0","tintindex":0},"north":{"uv":[2.375,13.375,2.75,15.125],"rotation":0,"texture":"#0","tintindex":0},"west":{"uv":[2.75,13.375,3.125,15.125],"rotation":0,"texture":"#0","tintindex":0},"up":{"uv":[2.75,13.375,2.375,13.0],"rotation":0,"texture":"#0","tintindex":0},"down":{"uv":[3.125,13.0,2.75,13.375],"rotation":0,"texture":"#0","tintindex":0}}}],"textures":{"0":"modelengine:entity/ostrich"},"display":{"head":{"translation":[0.0,-6.4,0.0],"scale":[4.0,4.0,4.0]}}}