{"elements":[{"from":[6.857143,0.0,6.285714],"to":[8.571428,8.0,8.0],"rotation":{"angle":0.0,"axis":"y","origin":[6.285714,0.0,4.5714283]},"faces":{"east":{"uv":[0.0,11.625,0.375,13.375],"rotation":0,"texture":"#0","tintindex":0},"south":{"uv":[1.125,11.625,1.5,13.375],"rotation":0,"texture":"#0","tintindex":0},"north":{"uv":[0.375,11.625,0.75,13.375],"rotation":0,"texture":"#0","tintindex":0},"west":{"uv":[0.75,11.625,1.125,13.375],"rotation":0,"texture":"#0","tintindex":0},"up":{"uv":[0.75,11.625,0.375,11.25],"rotation":0,"texture":"#0","tintindex":0},"down":{"uv":[1.125,11.25,0.75,11.625],"rotation":0,"texture":"#0","tintindex":0}}}],"textures":{"0":"modelengine:entity/ostrich"},"display":{"head":{"translation":[0.0,-6.4,0.0],"scale":[4.0,4.0,4.0]}}}