{"elements":[{"from":[5.714286,6.857143,2.2857141],"to":[10.285714,10.857143,8.571428],"rotation":{"angle":0.0,"axis":"y","origin":[8.0,-3.4285717,10.857143]},"faces":{"east":{"uv":[4.625,5.625,6.0,6.5],"rotation":0,"texture":"#0","tintindex":0},"south":{"uv":[8.375,5.625,9.375,6.5],"rotation":0,"texture":"#0","tintindex":0},"north":{"uv":[6.0,5.625,7.0,6.5],"rotation":0,"texture":"#0","tintindex":0},"west":{"uv":[7.0,5.625,8.375,6.5],"rotation":0,"texture":"#0","tintindex":0},"up":{"uv":[7.0,5.625,6.0,4.25],"rotation":0,"texture":"#0","tintindex":0},"down":{"uv":[8.0,4.25,7.0,5.625],"rotation":0,"texture":"#0","tintindex":0}}},{"from":[5.714286,3.4285712,2.2857141],"to":[10.285714,7.428571,8.0],"rotation":{"angle":0.0,"axis":"y","origin":[8.0,-3.4285717,10.857143]},"faces":{"east":{"uv":[5.0,1.25,6.25,2.125],"rotation":0,"texture":"#0","tintindex":0},"south":{"uv":[8.5,1.25,9.5,2.125],"rotation":0,"texture":"#0","tintindex":0},"north":{"uv":[6.25,1.25,7.25,2.125],"rotation":0,"texture":"#0","tintindex":0},"west":{"uv":[7.25,1.25,8.5,2.125],"rotation":0,"texture":"#0","tintindex":0},"up":{"uv":[7.25,1.25,6.25,0.0],"rotation":0,"texture":"#0","tintindex":0},"down":{"uv":[8.25,0.0,7.25,1.25],"rotation":0,"texture":"#0","tintindex":0}}}],"textures":{"0":"modelengine:entity/ostrich"},"display":{"head":{"translation":[0.0,-6.4,0.0],"scale":[4.0,4.0,4.0]}}}