{"elements":[{"from":[5.714286,5.142857,6.285714],"to":[10.285714,10.285714,13.714286],"rotation":{"angle":0.0,"axis":"y","origin":[8.0,-5.1428576,-0.57142925]},"faces":{"east":{"uv":[9.5,1.625,11.125,2.75],"rotation":0,"texture":"#0","tintindex":0},"south":{"uv":[13.75,1.625,14.75,2.75],"rotation":0,"texture":"#0","tintindex":0},"north":{"uv":[11.125,1.625,12.125,2.75],"rotation":0,"texture":"#0","tintindex":0},"west":{"uv":[12.125,1.625,13.75,2.75],"rotation":0,"texture":"#0","tintindex":0},"up":{"uv":[12.125,1.625,11.125,0.0],"rotation":0,"texture":"#0","tintindex":0},"down":{"uv":[13.125,0.0,12.125,1.625],"rotation":0,"texture":"#0","tintindex":0}}}],"textures":{"0":"modelengine:entity/ostrich"},"display":{"head":{"translation":[0.0,-6.4,0.0],"scale":[4.0,4.0,4.0]}}}