{"elements":[{"from":[5.714286,5.142857,8.0],"to":[8.0,10.285714,15.428572],"rotation":{"angle":0.0,"axis":"y","origin":[10.857143,-3.4285717,9.714286]},"faces":{"east":{"uv":[11.75,10.375,13.375,11.5],"rotation":0,"texture":"#0","tintindex":0},"south":{"uv":[15.5,10.375,16.0,11.5],"rotation":0,"texture":"#0","tintindex":0},"north":{"uv":[13.375,10.375,13.875,11.5],"rotation":0,"texture":"#0","tintindex":0},"west":{"uv":[13.875,10.375,15.5,11.5],"rotation":0,"texture":"#0","tintindex":0},"up":{"uv":[13.875,10.375,13.375,8.75],"rotation":0,"texture":"#0","tintindex":0},"down":{"uv":[14.375,8.75,13.875,10.375],"rotation":0,"texture":"#0","tintindex":0}}}],"textures":{"0":"modelengine:entity/ostrich"},"display":{"head":{"translation":[0.0,-6.4,0.0],"scale":[4.0,4.0,4.0]}}}