{"elements":[{"from":[8.0,5.142857,8.0],"to":[10.285714,10.285714,15.428572],"rotation":{"angle":0.0,"axis":"y","origin":[5.142857,-3.4285717,9.714286]},"faces":{"east":{"uv":[11.75,8.125,13.375,9.25],"rotation":0,"texture":"#0","tintindex":0},"south":{"uv":[15.5,8.125,16.0,9.25],"rotation":0,"texture":"#0","tintindex":0},"north":{"uv":[13.375,8.125,13.875,9.25],"rotation":0,"texture":"#0","tintindex":0},"west":{"uv":[13.875,8.125,15.5,9.25],"rotation":0,"texture":"#0","tintindex":0},"up":{"uv":[13.875,8.125,13.375,6.5],"rotation":0,"texture":"#0","tintindex":0},"down":{"uv":[14.375,6.5,13.875,8.125],"rotation":0,"texture":"#0","tintindex":0}}}],"textures":{"0":"modelengine:entity/ostrich"},"display":{"head":{"translation":[0.0,-6.4,0.0],"scale":[4.0,4.0,4.0]}}}