{"elements":[{"from":[6.285714,6.714286,5.5714283],"to":[9.714286,10.142858,9.0],"rotation":{"angle":0.0,"axis":"y","origin":[8.0,1.5142851,10.714286]},"faces":{"east":{"uv":[3.25,3.0,4.75,4.5],"rotation":0,"texture":"#0","tintindex":0},"south":{"uv":[4.5,0.0,6.0,1.5],"rotation":0,"texture":"#0","tintindex":0},"north":{"uv":[1.5,3.0,3.0,4.5],"rotation":0,"texture":"#0","tintindex":0},"west":{"uv":[1.5,4.75,3.0,6.25],"rotation":0,"texture":"#0","tintindex":0},"up":{"uv":[4.75,6.25,3.25,4.75],"rotation":0,"texture":"#0","tintindex":0},"down":{"uv":[6.5,1.75,5.0,3.25],"rotation":0,"texture":"#0","tintindex":0}}},{"from":[6.2714286,7.9714284,5.528571],"to":[6.842857,8.542857,5.528571],"rotation":{"angle":0.0,"axis":"y","origin":[8.0,1.5142851,10.714286]},"faces":{"east":{"uv":[6.0,8.5,6.0,8.75],"rotation":0,"texture":"#0","tintindex":0},"south":{"uv":[5.5,10.0,5.75,10.25],"rotation":0,"texture":"#0","tintindex":0},"north":{"uv":[9.75,2.5,10.0,2.75],"rotation":0,"texture":"#0","tintindex":0},"west":{"uv":[6.0,9.0,6.0,9.25],"rotation":0,"texture":"#0","tintindex":0},"up":{"uv":[6.5,8.0,6.25,8.0],"rotation":0,"texture":"#0","tintindex":0},"down":{"uv":[4.25,8.25,4.0,8.25],"rotation":0,"texture":"#0","tintindex":0}}},{"from":[6.528571,8.214286,5.4714284],"to":[6.757143,8.442857,5.4714284],"rotation":{"angle":0.0,"axis":"y","origin":[6.9142857,8.257143,5.528571]},"faces":{"east":{"uv":[1.25,6.0,1.25,6.25],"rotation":0,"texture":"#0","tintindex":0},"south":{"uv":[8.75,3.5,9.0,3.75],"rotation":0,"texture":"#0","tintindex":0},"north":{"uv":[8.75,3.0,9.0,3.25],"rotation":0,"texture":"#0","tintindex":0},"west":{"uv":[4.75,6.5,4.75,6.75],"rotation":0,"texture":"#0","tintindex":0},"up":{"uv":[4.75,2.75,4.5,2.75],"rotation":0,"texture":"#0","tintindex":0},"down":{"uv":[8.25,1.5,8.0,1.5],"rotation":0,"texture":"#0","tintindex":0}}},{"from":[9.242857,8.214286,5.4714284],"to":[9.471429,8.442857,5.4714284],"rotation":{"angle":0.0,"axis":"y","origin":[9.085714,8.257143,5.528571]},"faces":{"east":{"uv":[7.25,10.75,7.25,11.0],"rotation":0,"texture":"#0","tintindex":0},"south":{"uv":[1.5,10.75,1.75,11.0],"rotation":0,"texture":"#0","tintindex":0},"north":{"uv":[5.5,10.5,5.75,10.75],"rotation":0,"texture":"#0","tintindex":0},"west":{"uv":[7.5,10.75,7.5,11.0],"rotation":0,"texture":"#0","tintindex":0},"up":{"uv":[9.0,4.0,8.75,4.0],"rotation":0,"texture":"#0","tintindex":0},"down":{"uv":[8.0,10.75,7.75,10.75],"rotation":0,"texture":"#0","tintindex":0}}},{"from":[9.157143,7.9714284,5.528571],"to":[9.728572,8.542857,5.528571],"rotation":{"angle":0.0,"axis":"y","origin":[8.0,1.5142851,10.714286]},"faces":{"east":{"uv":[8.25,10.75,8.25,11.0],"rotation":0,"texture":"#0","tintindex":0},"south":{"uv":[2.5,10.75,2.75,11.0],"rotation":0,"texture":"#0","tintindex":0},"north":{"uv":[2.0,10.75,2.25,11.0],"rotation":0,"texture":"#0","tintindex":0},"west":{"uv":[8.5,10.75,8.5,11.0],"rotation":0,"texture":"#0","tintindex":0},"up":{"uv":[9.0,10.75,8.75,10.75],"rotation":0,"texture":"#0","tintindex":0},"down":{"uv":[1.25,11.0,1.0,11.0],"rotation":0,"texture":"#0","tintindex":0}}},{"from":[9.728572,7.971429,5.528571],"to":[9.728572,8.542857,5.8142858],"rotation":{"angle":0.0,"axis":"y","origin":[9.714286,8.257143,5.8142858]},"faces":{"east":{"uv":[4.0,10.75,4.25,11.0],"rotation":0,"texture":"#0","tintindex":0},"south":{"uv":[11.0,1.0,11.0,1.25],"rotation":0,"texture":"#0","tintindex":0},"north":{"uv":[9.25,10.75,9.25,11.0],"rotation":0,"texture":"#0","tintindex":0},"west":{"uv":[4.5,10.75,4.75,11.0],"rotation":0,"texture":"#0","tintindex":0},"up":{"uv":[11.0,1.75,11.0,1.5],"rotation":0,"texture":"#0","tintindex":0},"down":{"uv":[11.0,2.0,11.0,2.25],"rotation":0,"texture":"#0","tintindex":0}}},{"from":[6.2714286,7.971429,5.528571],"to":[6.2714286,8.542857,5.8142858],"rotation":{"angle":0.0,"axis":"y","origin":[6.285714,8.257143,5.8142858]},"faces":{"east":{"uv":[1.0,10.5,1.25,10.75],"rotation":0,"texture":"#0","tintindex":0},"south":{"uv":[5.0,10.75,5.0,11.0],"rotation":0,"texture":"#0","tintindex":0},"north":{"uv":[10.0,7.75,10.0,8.0],"rotation":0,"texture":"#0","tintindex":0},"west":{"uv":[10.5,1.0,10.75,1.25],"rotation":0,"texture":"#0","tintindex":0},"up":{"uv":[5.25,11.0,5.25,10.75],"rotation":0,"texture":"#0","tintindex":0},"down":{"uv":[7.0,10.75,7.0,11.0],"rotation":0,"texture":"#0","tintindex":0}}},{"from":[3.0527573,5.6690354,6.142857],"to":[6.481329,9.097607,6.142857],"rotation":{"angle":22.5,"axis":"z","origin":[4.7099,7.3833213,6.142857]},"faces":{"east":{"uv":[3.0,11.0,3.0,12.5],"rotation":0,"texture":"#0","tintindex":0},"south":{"uv":[5.0,5.25,6.5,6.75],"rotation":0,"texture":"#0","tintindex":0},"north":{"uv":[5.0,3.5,6.5,5.0],"rotation":0,"texture":"#0","tintindex":0},"west":{"uv":[3.25,11.0,3.25,12.5],"rotation":0,"texture":"#0","tintindex":0},"up":{"uv":[12.5,6.0,11.0,6.0],"rotation":0,"texture":"#0","tintindex":0},"down":{"uv":[12.5,6.25,11.0,6.25],"rotation":0,"texture":"#0","tintindex":0}}},{"from":[9.518671,5.6690354,6.142857],"to":[12.947243,9.097607,6.142857],"rotation":{"angle":-22.5,"axis":"z","origin":[11.2901,7.3833213,6.142857]},"faces":{"east":{"uv":[3.5,11.0,3.5,12.5],"rotation":0,"texture":"#0","tintindex":0},"south":{"uv":[0.0,6.5,1.5,8.0],"rotation":0,"texture":"#0","tintindex":0},"north":{"uv":[6.25,0.0,7.75,1.5],"rotation":0,"texture":"#0","tintindex":0},"west":{"uv":[3.75,11.0,3.75,12.5],"rotation":0,"texture":"#0","tintindex":0},"up":{"uv":[12.5,6.5,11.0,6.5],"rotation":0,"texture":"#0","tintindex":0},"down":{"uv":[12.5,6.75,11.0,6.75],"rotation":0,"texture":"#0","tintindex":0}}},{"from":[6.857143,6.714286,5.0],"to":[9.142858,8.428572,5.5714283],"rotation":{"angle":0.0,"axis":"y","origin":[8.0,7.5714283,5.285714]},"faces":{"east":{"uv":[4.5,1.75,4.75,2.5],"rotation":0,"texture":"#0","tintindex":0},"south":{"uv":[8.25,9.75,9.25,10.5],"rotation":0,"texture":"#0","tintindex":0},"north":{"uv":[7.0,9.75,8.0,10.5],"rotation":0,"texture":"#0","tintindex":0},"west":{"uv":[6.25,7.0,6.5,7.75],"rotation":0,"texture":"#0","tintindex":0},"up":{"uv":[1.0,6.25,0.0,6.0],"rotation":0,"texture":"#0","tintindex":0},"down":{"uv":[11.25,5.5,10.25,5.75],"rotation":0,"texture":"#0","tintindex":0}}}],"textures":{"0":"modelengine:entity/nocsy_otter_v2"},"display":{"head":{"translation":[0.0,-6.4,0.0],"scale":[4.0,4.0,4.0]}}}