{"elements":[{"from":[6.857143,7.428571,4.5714283],"to":[9.142858,8.0,8.0],"rotation":{"angle":0.0,"axis":"y","origin":[10.857143,6.857143,9.714286]},"faces":{"east":{"uv":[0.0,12.0,1.5,12.25],"rotation":0,"texture":"#0","tintindex":0},"south":{"uv":[4.0,12.0,5.0,12.25],"rotation":0,"texture":"#0","tintindex":0},"north":{"uv":[1.5,12.0,2.5,12.25],"rotation":0,"texture":"#0","tintindex":0},"west":{"uv":[2.5,12.0,4.0,12.25],"rotation":0,"texture":"#0","tintindex":0},"up":{"uv":[2.5,12.0,1.5,10.5],"rotation":0,"texture":"#0","tintindex":0},"down":{"uv":[3.5,10.5,2.5,12.0],"rotation":0,"texture":"#0","tintindex":0}}}],"textures":{"0":"modelengine:entity/mangrove"},"display":{"head":{"translation":[0.0,-6.4,0.0],"scale":[4.0,4.0,4.0]}}}