{"elements":[{"from":[6.285714,8.0,4.5714283],"to":[8.571428,9.142858,8.0],"rotation":{"angle":0.0,"axis":"y","origin":[10.285714,6.857143,9.714286]},"faces":{"east":{"uv":[0.0,7.25,1.5,7.75],"rotation":0,"texture":"#0","tintindex":0},"south":{"uv":[4.0,7.25,5.0,7.75],"rotation":0,"texture":"#0","tintindex":0},"north":{"uv":[1.5,7.25,2.5,7.75],"rotation":0,"texture":"#0","tintindex":0},"west":{"uv":[2.5,7.25,4.0,7.75],"rotation":0,"texture":"#0","tintindex":0},"up":{"uv":[2.5,7.25,1.5,5.75],"rotation":0,"texture":"#0","tintindex":0},"down":{"uv":[3.5,5.75,2.5,7.25],"rotation":0,"texture":"#0","tintindex":0}}}],"textures":{"0":"modelengine:entity/mangrove"},"display":{"head":{"translation":[0.0,-6.4,0.0],"scale":[4.0,4.0,4.0]}}}