{"elements":[{"from":[5.714286,8.0,5.714286],"to":[8.571428,8.0,10.857143],"rotation":{"angle":0.0,"axis":"y","origin":[10.285714,6.857143,7.428571]},"faces":{"east":{"uv":[2.5,5.25,4.75,5.25],"rotation":0,"texture":"#0","tintindex":0},"south":{"uv":[8.25,5.25,9.5,5.25],"rotation":0,"texture":"#0","tintindex":0},"north":{"uv":[4.75,5.25,6.0,5.25],"rotation":0,"texture":"#0","tintindex":0},"west":{"uv":[6.0,5.25,8.25,5.25],"rotation":0,"texture":"#0","tintindex":0},"up":{"uv":[6.0,5.25,4.75,3.0],"rotation":0,"texture":"#0","tintindex":0},"down":{"uv":[7.25,3.0,6.0,5.25],"rotation":0,"texture":"#0","tintindex":0}}}],"textures":{"0":"modelengine:entity/mangrove"},"display":{"head":{"translation":[0.0,-6.4,0.0],"scale":[4.0,4.0,4.0]}}}