{"elements":[{"from":[7.428571,8.0,5.714286],"to":[10.285714,8.0,10.857143],"rotation":{"angle":0.0,"axis":"y","origin":[5.714286,6.857143,7.428571]},"faces":{"east":{"uv":[0.0,5.25,2.25,5.25],"rotation":0,"texture":"#0","tintindex":0},"south":{"uv":[5.75,5.25,7.0,5.25],"rotation":0,"texture":"#0","tintindex":0},"north":{"uv":[2.25,5.25,3.5,5.25],"rotation":0,"texture":"#0","tintindex":0},"west":{"uv":[3.5,5.25,5.75,5.25],"rotation":0,"texture":"#0","tintindex":0},"up":{"uv":[3.5,5.25,2.25,3.0],"rotation":0,"texture":"#0","tintindex":0},"down":{"uv":[4.75,3.0,3.5,5.25],"rotation":0,"texture":"#0","tintindex":0}}}],"textures":{"0":"modelengine:entity/mangrove"},"display":{"head":{"translation":[0.0,-6.4,0.0],"scale":[4.0,4.0,4.0]}}}