{"elements":[{"from":[7.142857,6.285714,7.142857],"to":[8.857143,8.571428,8.857143],"rotation":{"angle":0.0,"axis":"y","origin":[10.0,6.285714,4.8571424]},"faces":{"east":{"uv":[9.0,10.0,9.75,11.0],"rotation":0,"texture":"#0","tintindex":0},"south":{"uv":[9.75,10.0,10.5,11.0],"rotation":0,"texture":"#0","tintindex":0},"north":{"uv":[8.25,10.0,9.0,11.0],"rotation":0,"texture":"#0","tintindex":0},"west":{"uv":[4.0,10.25,4.75,11.25],"rotation":0,"texture":"#0","tintindex":0},"up":{"uv":[8.25,11.75,7.5,11.0],"rotation":0,"texture":"#0","tintindex":0},"down":{"uv":[9.0,11.0,8.25,11.75],"rotation":0,"texture":"#0","tintindex":0}}}],"textures":{"0":"modelengine:entity/bs_vm_armadillo_texture"},"display":{"head":{"translation":[0.0,-6.4,0.0],"scale":[4.0,4.0,4.0]}}}