{"elements":[{"from":[7.142857,6.285714,7.142857],"to":[8.857143,8.571428,8.857143],"rotation":{"angle":0.0,"axis":"y","origin":[6.0,9.613347,6.365716]},"faces":{"east":{"uv":[4.75,10.25,5.5,11.25],"rotation":0,"texture":"#0","tintindex":0},"south":{"uv":[10.25,5.0,11.0,6.0],"rotation":0,"texture":"#0","tintindex":0},"north":{"uv":[10.25,4.0,11.0,5.0],"rotation":0,"texture":"#0","tintindex":0},"west":{"uv":[10.5,9.0,11.25,10.0],"rotation":0,"texture":"#0","tintindex":0},"up":{"uv":[9.75,11.75,9.0,11.0],"rotation":0,"texture":"#0","tintindex":0},"down":{"uv":[10.5,11.0,9.75,11.75],"rotation":0,"texture":"#0","tintindex":0}}}],"textures":{"0":"modelengine:entity/bs_vm_armadillo_texture"},"display":{"head":{"translation":[0.0,-6.4,0.0],"scale":[4.0,4.0,4.0]}}}