{"elements":[{"from":[6.857143,4.8398113,6.731617],"to":[9.142858,7.1255255,10.160189],"rotation":{"angle":45.0,"axis":"x","origin":[8.0,5.9826684,8.874475]},"faces":{"east":{"uv":[8.75,4.0,10.25,5.0],"rotation":0,"texture":"#0","tintindex":0},"south":{"uv":[9.75,8.0,10.75,9.0],"rotation":0,"texture":"#0","tintindex":0},"north":{"uv":[9.75,7.0,10.75,8.0],"rotation":0,"texture":"#0","tintindex":0},"west":{"uv":[8.75,5.0,10.25,6.0],"rotation":0,"texture":"#0","tintindex":0},"up":{"uv":[10.75,1.5,9.75,0.0],"rotation":0,"texture":"#0","tintindex":0},"down":{"uv":[10.75,1.5,9.75,3.0],"rotation":0,"texture":"#0","tintindex":0}}}],"textures":{"0":"modelengine:entity/bs_vm_armadillo_texture"},"display":{"head":{"translation":[0.0,-6.4,0.0],"scale":[4.0,4.0,4.0]}}}