{"elements":[{"from":[5.714286,8.0,5.714286],"to":[10.285714,9.142858,10.857143],"rotation":{"angle":0.0,"axis":"y","origin":[8.0,8.0,8.0]},"faces":{"east":{"uv":[0.0,5.0,2.25,5.5],"rotation":0,"texture":"#0","tintindex":0},"south":{"uv":[6.5,5.0,8.5,5.5],"rotation":0,"texture":"#0","tintindex":0},"north":{"uv":[2.25,5.0,4.25,5.5],"rotation":0,"texture":"#0","tintindex":0},"west":{"uv":[4.25,5.0,6.5,5.5],"rotation":0,"texture":"#0","tintindex":0},"up":{"uv":[4.25,5.0,2.25,2.75],"rotation":0,"texture":"#0","tintindex":0},"down":{"uv":[6.25,2.75,4.25,5.0],"rotation":0,"texture":"#0","tintindex":0}}},{"from":[6.857143,8.0,10.857143],"to":[9.142858,9.714286,12.571428],"rotation":{"angle":0.0,"axis":"y","origin":[8.0,8.0,8.0]},"faces":{"east":{"uv":[0.0,6.25,0.75,7.0],"rotation":0,"texture":"#0","tintindex":0},"south":{"uv":[2.5,6.25,3.5,7.0],"rotation":0,"texture":"#0","tintindex":0},"north":{"uv":[0.75,6.25,1.75,7.0],"rotation":0,"texture":"#0","tintindex":0},"west":{"uv":[1.75,6.25,2.5,7.0],"rotation":0,"texture":"#0","tintindex":0},"up":{"uv":[1.75,6.25,0.75,5.5],"rotation":0,"texture":"#0","tintindex":0},"down":{"uv":[2.75,5.5,1.75,6.25],"rotation":0,"texture":"#0","tintindex":0}}}],"textures":{"0":"modelengine:entity/clam"},"display":{"head":{"translation":[0.0,-6.4,0.0],"scale":[4.0,4.0,4.0]}}}