{"elements":[{"from":[5.714286,8.0,2.8571424],"to":[10.285714,9.142858,8.0],"rotation":{"angle":0.0,"axis":"y","origin":[8.0,6.857143,5.142857]},"faces":{"east":{"uv":[0.0,2.25,2.25,2.75],"rotation":0,"texture":"#0","tintindex":0},"south":{"uv":[6.5,2.25,8.5,2.75],"rotation":0,"texture":"#0","tintindex":0},"north":{"uv":[2.25,2.25,4.25,2.75],"rotation":0,"texture":"#0","tintindex":0},"west":{"uv":[4.25,2.25,6.5,2.75],"rotation":0,"texture":"#0","tintindex":0},"up":{"uv":[4.25,2.25,2.25,0.0],"rotation":0,"texture":"#0","tintindex":0},"down":{"uv":[6.25,0.0,4.25,2.25],"rotation":0,"texture":"#0","tintindex":0}}}],"textures":{"0":"modelengine:entity/clam"},"display":{"head":{"translation":[0.0,-6.4,0.0],"scale":[4.0,4.0,4.0]}}}