{"elements":[{"from":[5.714286,5.142857,2.8571424],"to":[10.285714,10.857143,15.428572],"rotation":{"angle":0.0,"axis":"y","origin":[8.0,1.7142854,6.285714]},"faces":{"east":{"uv":[0.0,2.75,2.75,4.0],"rotation":0,"texture":"#0","tintindex":0},"south":{"uv":[6.5,2.75,7.5,4.0],"rotation":0,"texture":"#0","tintindex":0},"north":{"uv":[2.75,2.75,3.75,4.0],"rotation":0,"texture":"#0","tintindex":0},"west":{"uv":[3.75,2.75,6.5,4.0],"rotation":0,"texture":"#0","tintindex":0},"up":{"uv":[3.75,2.75,2.75,0.0],"rotation":0,"texture":"#0","tintindex":0},"down":{"uv":[4.75,0.0,3.75,2.75],"rotation":0,"texture":"#0","tintindex":0}}}],"textures":{"0":"modelengine:entity/komodo"},"display":{"head":{"translation":[0.0,-6.4,0.0],"scale":[4.0,4.0,4.0]}}}