{"elements":[{"from":[6.857143,6.857143,8.0],"to":[9.142858,9.714286,22.857143],"rotation":{"angle":0.0,"axis":"y","origin":[8.0,1.7142854,-12.0]},"faces":{"east":{"uv":[0.0,7.25,3.25,7.875],"rotation":0,"texture":"#0","tintindex":0},"south":{"uv":[7.0,7.25,7.5,7.875],"rotation":0,"texture":"#0","tintindex":0},"north":{"uv":[3.25,7.25,3.75,7.875],"rotation":0,"texture":"#0","tintindex":0},"west":{"uv":[3.75,7.25,7.0,7.875],"rotation":0,"texture":"#0","tintindex":0},"up":{"uv":[3.75,7.25,3.25,4.0],"rotation":0,"texture":"#0","tintindex":0},"down":{"uv":[4.25,4.0,3.75,7.25],"rotation":0,"texture":"#0","tintindex":0}}}],"textures":{"0":"modelengine:entity/komodo"},"display":{"head":{"translation":[0.0,-6.4,0.0],"scale":[4.0,4.0,4.0]}}}