{"elements":[{"from":[6.5714283,6.428571,4.0],"to":[9.428572,9.857143,8.0],"rotation":{"angle":0.0,"axis":"y","origin":[8.0,1.1428566,16.57143]},"faces":{"east":{"uv":[0.0,4.875,0.875,5.625],"rotation":0,"texture":"#0","tintindex":0},"south":{"uv":[2.375,4.875,3.0,5.625],"rotation":0,"texture":"#0","tintindex":0},"north":{"uv":[0.875,4.875,1.5,5.625],"rotation":0,"texture":"#0","tintindex":0},"west":{"uv":[1.5,4.875,2.375,5.625],"rotation":0,"texture":"#0","tintindex":0},"up":{"uv":[1.5,4.875,0.875,4.0],"rotation":0,"texture":"#0","tintindex":0},"down":{"uv":[2.125,4.0,1.5,4.875],"rotation":0,"texture":"#0","tintindex":0}}}],"textures":{"0":"modelengine:entity/komodo"},"display":{"head":{"translation":[0.0,-6.4,0.0],"scale":[4.0,4.0,4.0]}}}