{"elements":[{"from":[6.285714,1.1428566,6.857143],"to":[9.142858,9.142858,9.714286],"rotation":{"angle":0.0,"axis":"y","origin":[10.285714,1.1428566,1.1428566]},"faces":{"east":{"uv":[0.0,9.75,0.625,11.5],"rotation":0,"texture":"#0","tintindex":0},"south":{"uv":[1.875,9.75,2.5,11.5],"rotation":0,"texture":"#0","tintindex":0},"north":{"uv":[0.625,9.75,1.25,11.5],"rotation":0,"texture":"#0","tintindex":0},"west":{"uv":[1.25,9.75,1.875,11.5],"rotation":0,"texture":"#0","tintindex":0},"up":{"uv":[1.25,9.75,0.625,9.125],"rotation":0,"texture":"#0","tintindex":0},"down":{"uv":[1.875,9.125,1.25,9.75],"rotation":0,"texture":"#0","tintindex":0}}},{"from":[5.142857,1.1428566,4.5714283],"to":[9.142858,1.1428566,9.714286],"rotation":{"angle":0.0,"axis":"y","origin":[10.285714,1.1428566,1.1428566]},"faces":{"east":{"uv":[3.75,11.0,4.875,11.0],"rotation":0,"texture":"#0","tintindex":0},"south":{"uv":[6.875,11.0,7.75,11.0],"rotation":0,"texture":"#0","tintindex":0},"north":{"uv":[4.875,11.0,5.75,11.0],"rotation":0,"texture":"#0","tintindex":0},"west":{"uv":[5.75,11.0,6.875,11.0],"rotation":0,"texture":"#0","tintindex":0},"up":{"uv":[5.75,11.0,4.875,9.875],"rotation":0,"texture":"#0","tintindex":0},"down":{"uv":[6.625,9.875,5.75,11.0],"rotation":0,"texture":"#0","tintindex":0}}}],"textures":{"0":"modelengine:entity/komodo"},"display":{"head":{"translation":[0.0,-6.4,0.0],"scale":[4.0,4.0,4.0]}}}