{"elements":[{"from":[6.857143,1.1428566,6.857143],"to":[9.714286,9.142858,9.714286],"rotation":{"angle":0.0,"axis":"y","origin":[5.714286,1.1428566,1.1428566]},"faces":{"east":{"uv":[0.0,13.875,0.625,15.625],"rotation":0,"texture":"#0","tintindex":0},"south":{"uv":[1.875,13.875,2.5,15.625],"rotation":0,"texture":"#0","tintindex":0},"north":{"uv":[0.625,13.875,1.25,15.625],"rotation":0,"texture":"#0","tintindex":0},"west":{"uv":[1.25,13.875,1.875,15.625],"rotation":0,"texture":"#0","tintindex":0},"up":{"uv":[1.25,13.875,0.625,13.25],"rotation":0,"texture":"#0","tintindex":0},"down":{"uv":[1.875,13.25,1.25,13.875],"rotation":0,"texture":"#0","tintindex":0}}},{"from":[6.857143,1.1428566,4.5714283],"to":[10.857143,1.1428566,9.714286],"rotation":{"angle":0.0,"axis":"y","origin":[5.714286,1.1428566,1.1428566]},"faces":{"east":{"uv":[3.625,13.625,4.75,13.625],"rotation":0,"texture":"#0","tintindex":0},"south":{"uv":[6.75,13.625,7.625,13.625],"rotation":0,"texture":"#0","tintindex":0},"north":{"uv":[4.75,13.625,5.625,13.625],"rotation":0,"texture":"#0","tintindex":0},"west":{"uv":[5.625,13.625,6.75,13.625],"rotation":0,"texture":"#0","tintindex":0},"up":{"uv":[5.625,13.625,4.75,12.5],"rotation":0,"texture":"#0","tintindex":0},"down":{"uv":[6.5,12.5,5.625,13.625],"rotation":0,"texture":"#0","tintindex":0}}}],"textures":{"0":"modelengine:entity/komodo"},"display":{"head":{"translation":[0.0,-6.4,0.0],"scale":[4.0,4.0,4.0]}}}