{"elements":[{"from":[7.142857,8.142858,4.5714283],"to":[8.857143,8.142858,8.0],"rotation":{"angle":0.0,"axis":"y","origin":[8.0,1.1428566,20.57143]},"faces":{"east":{"uv":[0.0,2.375,0.75,2.375],"rotation":0,"texture":"#0","tintindex":0},"south":{"uv":[1.875,2.375,2.25,2.375],"rotation":0,"texture":"#0","tintindex":0},"north":{"uv":[0.75,2.375,1.125,2.375],"rotation":0,"texture":"#0","tintindex":0},"west":{"uv":[1.125,2.375,1.875,2.375],"rotation":0,"texture":"#0","tintindex":0},"up":{"uv":[1.125,2.375,0.75,1.625],"rotation":0,"texture":"#0","tintindex":0},"down":{"uv":[1.5,1.625,1.125,2.375],"rotation":0,"texture":"#0","tintindex":0}}}],"textures":{"0":"modelengine:entity/komodo"},"display":{"head":{"translation":[0.0,-6.4,0.0],"scale":[4.0,4.0,4.0]}}}