{"elements":[{"from":[6.5714283,5.8571424,2.8571424],"to":[9.428572,9.857143,8.0],"rotation":{"angle":0.0,"axis":"y","origin":[8.0,1.1428566,11.428572]},"faces":{"east":{"uv":[4.75,1.125,5.875,2.0],"rotation":0,"texture":"#0","tintindex":0},"south":{"uv":[7.625,1.125,8.25,2.0],"rotation":0,"texture":"#0","tintindex":0},"north":{"uv":[5.875,1.125,6.5,2.0],"rotation":0,"texture":"#0","tintindex":0},"west":{"uv":[6.5,1.125,7.625,2.0],"rotation":0,"texture":"#0","tintindex":0},"up":{"uv":[6.5,1.125,5.875,0.0],"rotation":0,"texture":"#0","tintindex":0},"down":{"uv":[7.125,0.0,6.5,1.125],"rotation":0,"texture":"#0","tintindex":0}}}],"textures":{"0":"modelengine:entity/komodo"},"display":{"head":{"translation":[0.0,-6.4,0.0],"scale":[4.0,4.0,4.0]}}}