{"elements":[{"from":[6.285714,6.285714,8.0],"to":[9.714286,10.285714,18.857143],"rotation":{"angle":0.0,"axis":"y","origin":[8.0,1.7142854,-1.1428576]},"faces":{"east":{"uv":[4.25,6.375,6.625,7.25],"rotation":0,"texture":"#0","tintindex":0},"south":{"uv":[9.75,6.375,10.5,7.25],"rotation":0,"texture":"#0","tintindex":0},"north":{"uv":[6.625,6.375,7.375,7.25],"rotation":0,"texture":"#0","tintindex":0},"west":{"uv":[7.375,6.375,9.75,7.25],"rotation":0,"texture":"#0","tintindex":0},"up":{"uv":[7.375,6.375,6.625,4.0],"rotation":0,"texture":"#0","tintindex":0},"down":{"uv":[8.125,4.0,7.375,6.375],"rotation":0,"texture":"#0","tintindex":0}}}],"textures":{"0":"modelengine:entity/komodo"},"display":{"head":{"translation":[0.0,-6.4,0.0],"scale":[4.0,4.0,4.0]}}}