{"elements":[{"from":[7.428571,4.0,7.428571],"to":[8.571428,9.142858,9.142858],"rotation":{"angle":0.0,"axis":"y","origin":[9.714286,4.0,9.714286]},"faces":{"east":{"uv":[7.25,8.0,8.0,10.25],"rotation":0,"texture":"#0","tintindex":0},"south":{"uv":[9.25,8.0,9.75,10.25],"rotation":0,"texture":"#0","tintindex":0},"north":{"uv":[8.0,8.0,8.5,10.25],"rotation":0,"texture":"#0","tintindex":0},"west":{"uv":[8.5,8.0,9.25,10.25],"rotation":0,"texture":"#0","tintindex":0},"up":{"uv":[8.5,8.0,8.0,7.25],"rotation":0,"texture":"#0","tintindex":0},"down":{"uv":[9.0,7.25,8.5,8.0],"rotation":0,"texture":"#0","tintindex":0}}}],"textures":{"0":"modelengine:entity/monkey"},"display":{"head":{"translation":[0.0,-6.4,0.0],"scale":[4.0,4.0,4.0]}}}