{"elements":[{"from":[6.285714,6.857143,5.142857],"to":[9.714286,9.714286,11.428572],"rotation":{"angle":0.0,"axis":"y","origin":[8.0,4.0,8.0]},"faces":{"east":{"uv":[0.0,2.75,2.75,4.0],"rotation":0,"texture":"#0","tintindex":0},"south":{"uv":[7.0,2.75,8.5,4.0],"rotation":0,"texture":"#0","tintindex":0},"north":{"uv":[2.75,2.75,4.25,4.0],"rotation":0,"texture":"#0","tintindex":0},"west":{"uv":[4.25,2.75,7.0,4.0],"rotation":0,"texture":"#0","tintindex":0},"up":{"uv":[4.25,2.75,2.75,0.0],"rotation":0,"texture":"#0","tintindex":0},"down":{"uv":[5.75,0.0,4.25,2.75],"rotation":0,"texture":"#0","tintindex":0}}}],"textures":{"0":"modelengine:entity/monkey"},"display":{"head":{"translation":[0.0,-6.4,0.0],"scale":[4.0,4.0,4.0]}}}