{"elements":[{"from":[6.285714,6.857143,5.142857],"to":[9.714286,10.857143,8.0],"rotation":{"angle":0.0,"axis":"y","origin":[8.0,3.4285712,10.857143]},"faces":{"east":{"uv":[0.0,10.25,1.25,12.0],"rotation":0,"texture":"#0","tintindex":0},"south":{"uv":[4.0,10.25,5.5,12.0],"rotation":0,"texture":"#0","tintindex":0},"north":{"uv":[1.25,10.25,2.75,12.0],"rotation":0,"texture":"#0","tintindex":0},"west":{"uv":[2.75,10.25,4.0,12.0],"rotation":0,"texture":"#0","tintindex":0},"up":{"uv":[2.75,10.25,1.25,9.0],"rotation":0,"texture":"#0","tintindex":0},"down":{"uv":[4.25,9.0,2.75,10.25],"rotation":0,"texture":"#0","tintindex":0}}},{"from":[5.142857,7.428571,6.857143],"to":[6.285714,9.142858,6.857143],"rotation":{"angle":0.0,"axis":"y","origin":[8.0,3.4285712,10.857143]},"faces":{"east":{"uv":[6.75,12.5,6.75,13.25],"rotation":0,"texture":"#0","tintindex":0},"south":{"uv":[7.25,12.5,7.75,13.25],"rotation":0,"texture":"#0","tintindex":0},"north":{"uv":[6.75,12.5,7.25,13.25],"rotation":0,"texture":"#0","tintindex":0},"west":{"uv":[7.25,12.5,7.25,13.25],"rotation":0,"texture":"#0","tintindex":0},"up":{"uv":[7.25,12.5,6.75,12.5],"rotation":0,"texture":"#0","tintindex":0},"down":{"uv":[7.75,12.5,7.25,12.5],"rotation":0,"texture":"#0","tintindex":0}}},{"from":[9.714286,7.428571,6.857143],"to":[10.857143,9.142858,6.857143],"rotation":{"angle":0.0,"axis":"y","origin":[8.0,3.4285712,10.857143]},"faces":{"east":{"uv":[3.5,12.75,3.5,13.5],"rotation":0,"texture":"#0","tintindex":0},"south":{"uv":[4.0,12.75,4.5,13.5],"rotation":0,"texture":"#0","tintindex":0},"north":{"uv":[3.5,12.75,4.0,13.5],"rotation":0,"texture":"#0","tintindex":0},"west":{"uv":[4.0,12.75,4.0,13.5],"rotation":0,"texture":"#0","tintindex":0},"up":{"uv":[4.0,12.75,3.5,12.75],"rotation":0,"texture":"#0","tintindex":0},"down":{"uv":[4.5,12.75,4.0,12.75],"rotation":0,"texture":"#0","tintindex":0}}},{"from":[6.857143,6.857143,4.5714283],"to":[9.142858,8.571428,5.142857],"rotation":{"angle":0.0,"axis":"y","origin":[8.0,3.4285712,10.857143]},"faces":{"east":{"uv":[7.25,15.25,7.5,16.0],"rotation":0,"texture":"#0","tintindex":0},"south":{"uv":[8.75,15.25,9.75,16.0],"rotation":0,"texture":"#0","tintindex":0},"north":{"uv":[7.5,15.25,8.5,16.0],"rotation":0,"texture":"#0","tintindex":0},"west":{"uv":[8.5,15.25,8.75,16.0],"rotation":0,"texture":"#0","tintindex":0},"up":{"uv":[8.5,15.25,7.5,15.0],"rotation":0,"texture":"#0","tintindex":0},"down":{"uv":[9.5,15.0,8.5,15.25],"rotation":0,"texture":"#0","tintindex":0}}},{"from":[6.857143,6.857143,4.0],"to":[9.142858,8.571428,4.5714283],"rotation":{"angle":0.0,"axis":"y","origin":[8.0,3.4285712,10.857143]},"faces":{"east":{"uv":[3.75,15.25,4.0,16.0],"rotation":0,"texture":"#0","tintindex":0},"south":{"uv":[5.25,15.25,6.25,16.0],"rotation":0,"texture":"#0","tintindex":0},"north":{"uv":[4.0,15.25,5.0,16.0],"rotation":0,"texture":"#0","tintindex":0},"west":{"uv":[5.0,15.25,5.25,16.0],"rotation":0,"texture":"#0","tintindex":0},"up":{"uv":[5.0,15.25,4.0,15.0],"rotation":0,"texture":"#0","tintindex":0},"down":{"uv":[6.0,15.0,5.0,15.25],"rotation":0,"texture":"#0","tintindex":0}}}],"textures":{"0":"modelengine:entity/monkey"},"display":{"head":{"translation":[0.0,-6.4,0.0],"scale":[4.0,4.0,4.0]}}}