{"elements":[{"from":[-3.5714293,5.428571,6.714286],"to":[19.57143,17.0,18.285715],"rotation":{"angle":0.0,"axis":"y","origin":[8.0,-16.428572,8.0]},"faces":{"east":{"uv":[5.125,2.875,6.25,4.0],"rotation":0,"texture":"#0","tintindex":0},"south":{"uv":[0.0,1.125,2.25,2.25],"rotation":0,"texture":"#0","tintindex":0},"north":{"uv":[0.0,0.0,2.25,1.125],"rotation":0,"texture":"#0","tintindex":0},"west":{"uv":[5.125,4.0,6.25,5.125],"rotation":0,"texture":"#0","tintindex":0},"up":{"uv":[2.25,3.375,0.0,2.25],"rotation":0,"texture":"#0","tintindex":0},"down":{"uv":[4.5,0.0,2.25,1.125],"rotation":0,"texture":"#0","tintindex":0}}},{"from":[13.785715,17.377432,9.26566],"to":[20.728573,22.006004,14.794231],"rotation":{"angle":45.0,"axis":"x","origin":[8.0,14.428572,8.0]},"faces":{"east":{"uv":[11.625,4.5,12.1875,4.9375],"rotation":0,"texture":"#0","tintindex":0},"south":{"uv":[9.875,11.25,10.5625,11.6875],"rotation":0,"texture":"#0","tintindex":0},"north":{"uv":[9.125,11.25,9.8125,11.6875],"rotation":0,"texture":"#0","tintindex":0},"west":{"uv":[11.625,5.625,12.1875,6.0625],"rotation":0,"texture":"#0","tintindex":0},"up":{"uv":[0.6875,11.1875,0.0,10.625],"rotation":0,"texture":"#0","tintindex":0},"down":{"uv":[11.3125,0.625,10.625,1.1875],"rotation":0,"texture":"#0","tintindex":0}}},{"from":[-1.4371433,15.559999,8.0],"to":[3.3457136,18.748571,13.58],"rotation":{"angle":22.5,"axis":"y","origin":[5.608571,3.5,11.188572]},"faces":{"east":{"uv":[9.625,12.0,10.1875,12.3125],"rotation":0,"texture":"#0","tintindex":0},"south":{"uv":[3.75,12.125,4.1875,12.4375],"rotation":0,"texture":"#0","tintindex":0},"north":{"uv":[3.25,12.125,3.6875,12.4375],"rotation":0,"texture":"#0","tintindex":0},"west":{"uv":[12.0,9.875,12.5625,10.1875],"rotation":0,"texture":"#0","tintindex":0},"up":{"uv":[12.0625,8.1875,11.625,7.625],"rotation":0,"texture":"#0","tintindex":0},"down":{"uv":[8.4375,11.625,8.0,12.1875],"rotation":0,"texture":"#0","tintindex":0}}},{"from":[3.7766037,9.454622,10.571428],"to":[11.49089,15.883194,17.0],"rotation":{"angle":45.0,"axis":"z","origin":[8.0,19.57143,8.0]},"faces":{"east":{"uv":[10.25,0.0,10.875,0.625],"rotation":0,"texture":"#0","tintindex":0},"south":{"uv":[5.5,9.75,6.25,10.375],"rotation":0,"texture":"#0","tintindex":0},"north":{"uv":[4.125,9.75,4.875,10.375],"rotation":0,"texture":"#0","tintindex":0},"west":{"uv":[10.25,2.875,10.875,3.5],"rotation":0,"texture":"#0","tintindex":0},"up":{"uv":[10.5,6.5,9.75,5.875],"rotation":0,"texture":"#0","tintindex":0},"down":{"uv":[7.0,9.75,6.25,10.375],"rotation":0,"texture":"#0","tintindex":0}}},{"from":[-2.285715,6.714286,5.428571],"to":[18.285715,15.714286,6.714286],"rotation":{"angle":0.0,"axis":"y","origin":[8.0,-16.428572,8.0]},"faces":{"east":{"uv":[2.75,11.875,2.875,12.75],"rotation":0,"texture":"#0","tintindex":0},"south":{"uv":[2.0,3.625,4.0,4.5],"rotation":0,"texture":"#0","tintindex":0},"north":{"uv":[0.0,3.375,2.0,4.25],"rotation":0,"texture":"#0","tintindex":0},"west":{"uv":[4.625,12.0,4.75,12.875],"rotation":0,"texture":"#0","tintindex":0},"up":{"uv":[13.375,1.75,11.375,1.625],"rotation":0,"texture":"#0","tintindex":0},"down":{"uv":[13.375,4.375,11.375,4.5],"rotation":0,"texture":"#0","tintindex":0}}},{"from":[24.714287,4.142857,4.142857],"to":[27.285715,6.714286,6.714286],"rotation":{"angle":22.5,"axis":"z","origin":[8.0,-16.428572,8.0]},"faces":{"east":{"uv":[8.625,1.625,8.875,1.875],"rotation":0,"texture":"#0","tintindex":0},"south":{"uv":[9.125,3.125,9.375,3.375],"rotation":0,"texture":"#0","tintindex":0},"north":{"uv":[2.0,3.375,2.25,3.625],"rotation":0,"texture":"#0","tintindex":0},"west":{"uv":[10.125,8.625,10.375,8.875],"rotation":0,"texture":"#0","tintindex":0},"up":{"uv":[10.5,4.375,10.25,4.125],"rotation":0,"texture":"#0","tintindex":0},"down":{"uv":[3.5,10.75,3.25,11.0],"rotation":0,"texture":"#0","tintindex":0}}},{"from":[22.142857,9.285714,4.142857],"to":[24.714287,11.857143,6.714286],"rotation":{"angle":45.0,"axis":"z","origin":[8.0,-16.428572,8.0]},"faces":{"east":{"uv":[10.375,11.75,10.625,12.0],"rotation":0,"texture":"#0","tintindex":0},"south":{"uv":[12.375,0.75,12.625,1.0],"rotation":0,"texture":"#0","tintindex":0},"north":{"uv":[9.125,11.0,9.375,11.25],"rotation":0,"texture":"#0","tintindex":0},"west":{"uv":[12.375,1.0,12.625,1.25],"rotation":0,"texture":"#0","tintindex":0},"up":{"uv":[12.625,4.75,12.375,4.5],"rotation":0,"texture":"#0","tintindex":0},"down":{"uv":[12.625,4.75,12.375,5.0],"rotation":0,"texture":"#0","tintindex":0}}},{"from":[20.859715,8.002571,4.1454287],"to":[23.425999,10.568857,6.7117143],"rotation":{"angle":45.0,"axis":"z","origin":[8.0,-16.428572,8.0]},"faces":{"east":{"uv":[12.375,5.875,12.625,6.125],"rotation":0,"texture":"#0","tintindex":0},"south":{"uv":[12.375,6.875,12.625,7.125],"rotation":0,"texture":"#0","tintindex":0},"north":{"uv":[12.375,5.625,12.625,5.875],"rotation":0,"texture":"#0","tintindex":0},"west":{"uv":[12.375,7.125,12.625,7.375],"rotation":0,"texture":"#0","tintindex":0},"up":{"uv":[12.625,8.5,12.375,8.25],"rotation":0,"texture":"#0","tintindex":0},"down":{"uv":[12.625,8.5,12.375,8.75],"rotation":0,"texture":"#0","tintindex":0}}},{"from":[-1.0,15.714286,5.428571],"to":[17.0,17.0,6.714286],"rotation":{"angle":0.0,"axis":"y","origin":[8.0,-16.428572,8.0]},"faces":{"east":{"uv":[3.5,10.875,3.625,11.0],"rotation":0,"texture":"#0","tintindex":0},"south":{"uv":[11.5,11.125,13.25,11.25],"rotation":0,"texture":"#0","tintindex":0},"north":{"uv":[11.5,2.75,13.25,2.875],"rotation":0,"texture":"#0","tintindex":0},"west":{"uv":[5.375,10.875,5.5,11.0],"rotation":0,"texture":"#0","tintindex":0},"up":{"uv":[13.25,11.375,11.5,11.25],"rotation":0,"texture":"#0","tintindex":0},"down":{"uv":[13.375,2.25,11.625,2.375],"rotation":0,"texture":"#0","tintindex":0}}},{"from":[-1.0,5.428571,5.428571],"to":[17.0,6.714286,6.714286],"rotation":{"angle":0.0,"axis":"y","origin":[8.0,-16.428572,8.0]},"faces":{"east":{"uv":[8.125,10.875,8.25,11.0],"rotation":0,"texture":"#0","tintindex":0},"south":{"uv":[1.125,11.75,2.875,11.875],"rotation":0,"texture":"#0","tintindex":0},"north":{"uv":[11.625,6.125,13.375,6.25],"rotation":0,"texture":"#0","tintindex":0},"west":{"uv":[9.375,11.0,9.5,11.125],"rotation":0,"texture":"#0","tintindex":0},"up":{"uv":[13.5,3.0,11.75,2.875],"rotation":0,"texture":"#0","tintindex":0},"down":{"uv":[13.5,3.0,11.75,3.125],"rotation":0,"texture":"#0","tintindex":0}}},{"from":[-3.5714293,8.0,5.428571],"to":[-2.285715,14.428572,6.714286],"rotation":{"angle":0.0,"axis":"y","origin":[8.0,-16.428572,8.0]},"faces":{"east":{"uv":[3.125,12.25,3.25,12.875],"rotation":0,"texture":"#0","tintindex":0},"south":{"uv":[12.25,4.5,12.375,5.125],"rotation":0,"texture":"#0","tintindex":0},"north":{"uv":[3.0,12.25,3.125,12.875],"rotation":0,"texture":"#0","tintindex":0},"west":{"uv":[7.25,12.25,7.375,12.875],"rotation":0,"texture":"#0","tintindex":0},"up":{"uv":[9.5,11.25,9.375,11.125],"rotation":0,"texture":"#0","tintindex":0},"down":{"uv":[5.375,11.375,5.25,11.5],"rotation":0,"texture":"#0","tintindex":0}}},{"from":[18.285715,8.0,5.428571],"to":[19.57143,14.428572,6.714286],"rotation":{"angle":0.0,"axis":"y","origin":[8.0,-16.428572,8.0]},"faces":{"east":{"uv":[7.5,12.25,7.625,12.875],"rotation":0,"texture":"#0","tintindex":0},"south":{"uv":[8.0,12.25,8.125,12.875],"rotation":0,"texture":"#0","tintindex":0},"north":{"uv":[7.375,12.25,7.5,12.875],"rotation":0,"texture":"#0","tintindex":0},"west":{"uv":[8.125,12.25,8.25,12.875],"rotation":0,"texture":"#0","tintindex":0},"up":{"uv":[8.125,11.5,8.0,11.375],"rotation":0,"texture":"#0","tintindex":0},"down":{"uv":[8.125,11.5,8.0,11.625],"rotation":0,"texture":"#0","tintindex":0}}},{"from":[-1.0,6.714286,18.285715],"to":[17.0,15.714286,19.57143],"rotation":{"angle":0.0,"axis":"y","origin":[8.0,-16.428572,8.0]},"faces":{"east":{"uv":[7.125,12.0,7.25,12.875],"rotation":0,"texture":"#0","tintindex":0},"south":{"uv":[4.0,2.0,5.75,2.875],"rotation":0,"texture":"#0","tintindex":0},"north":{"uv":[4.0,1.125,5.75,2.0],"rotation":0,"texture":"#0","tintindex":0},"west":{"uv":[10.875,12.0,11.0,12.875],"rotation":0,"texture":"#0","tintindex":0},"up":{"uv":[13.5,3.25,11.75,3.125],"rotation":0,"texture":"#0","tintindex":0},"down":{"uv":[13.5,3.25,11.75,3.375],"rotation":0,"texture":"#0","tintindex":0}}},{"from":[2.8571424,5.8571424,-5.285715],"to":[13.142858,13.571428,-1.4285717],"rotation":{"angle":45.0,"axis":"x","origin":[8.0,-16.428572,8.0]},"faces":{"east":{"uv":[7.625,0.75,8.0,1.5],"rotation":0,"texture":"#0","tintindex":0},"south":{"uv":[7.5,0.0,8.5,0.75],"rotation":0,"texture":"#0","tintindex":0},"north":{"uv":[0.0,7.5,1.0,8.25],"rotation":0,"texture":"#0","tintindex":0},"west":{"uv":[3.125,7.75,3.5,8.5],"rotation":0,"texture":"#0","tintindex":0},"up":{"uv":[11.5,2.875,10.5,2.5],"rotation":0,"texture":"#0","tintindex":0},"down":{"uv":[11.625,4.625,10.625,5.0],"rotation":0,"texture":"#0","tintindex":0}}},{"from":[17.0,8.0,18.285715],"to":[18.285715,14.428572,19.57143],"rotation":{"angle":0.0,"axis":"y","origin":[8.0,-16.428572,8.0]},"faces":{"east":{"uv":[8.375,12.25,8.5,12.875],"rotation":0,"texture":"#0","tintindex":0},"south":{"uv":[8.5,12.25,8.625,12.875],"rotation":0,"texture":"#0","tintindex":0},"north":{"uv":[8.25,12.25,8.375,12.875],"rotation":0,"texture":"#0","tintindex":0},"west":{"uv":[8.625,12.25,8.75,12.875],"rotation":0,"texture":"#0","tintindex":0},"up":{"uv":[1.25,11.75,1.125,11.625],"rotation":0,"texture":"#0","tintindex":0},"down":{"uv":[1.375,11.625,1.25,11.75],"rotation":0,"texture":"#0","tintindex":0}}},{"from":[-2.285715,8.0,18.285715],"to":[-1.0,14.428572,19.57143],"rotation":{"angle":0.0,"axis":"y","origin":[8.0,-16.428572,8.0]},"faces":{"east":{"uv":[10.25,12.25,10.375,12.875],"rotation":0,"texture":"#0","tintindex":0},"south":{"uv":[10.375,12.25,10.5,12.875],"rotation":0,"texture":"#0","tintindex":0},"north":{"uv":[8.75,12.25,8.875,12.875],"rotation":0,"texture":"#0","tintindex":0},"west":{"uv":[10.5,12.25,10.625,12.875],"rotation":0,"texture":"#0","tintindex":0},"up":{"uv":[9.0,11.75,8.875,11.625],"rotation":0,"texture":"#0","tintindex":0},"down":{"uv":[9.125,11.625,9.0,11.75],"rotation":0,"texture":"#0","tintindex":0}}},{"from":[0.28571415,15.714286,18.285715],"to":[15.714286,17.0,19.57143],"rotation":{"angle":0.0,"axis":"y","origin":[8.0,-16.428572,8.0]},"faces":{"east":{"uv":[4.0,12.5,4.125,12.625],"rotation":0,"texture":"#0","tintindex":0},"south":{"uv":[8.875,11.75,10.375,11.875],"rotation":0,"texture":"#0","tintindex":0},"north":{"uv":[11.75,6.75,13.25,6.875],"rotation":0,"texture":"#0","tintindex":0},"west":{"uv":[4.125,12.5,4.25,12.625],"rotation":0,"texture":"#0","tintindex":0},"up":{"uv":[12.5,11.875,11.0,11.75],"rotation":0,"texture":"#0","tintindex":0},"down":{"uv":[13.25,11.375,11.75,11.5],"rotation":0,"texture":"#0","tintindex":0}}},{"from":[0.28571415,5.428571,18.285715],"to":[15.714286,6.714286,19.57143],"rotation":{"angle":0.0,"axis":"y","origin":[8.0,-16.428572,8.0]},"faces":{"east":{"uv":[12.5,4.125,12.625,4.25],"rotation":0,"texture":"#0","tintindex":0},"south":{"uv":[11.75,11.625,13.25,11.75],"rotation":0,"texture":"#0","tintindex":0},"north":{"uv":[11.75,11.5,13.25,11.625],"rotation":0,"texture":"#0","tintindex":0},"west":{"uv":[4.25,12.5,4.375,12.625],"rotation":0,"texture":"#0","tintindex":0},"up":{"uv":[2.625,12.0,1.125,11.875],"rotation":0,"texture":"#0","tintindex":0},"down":{"uv":[13.375,5.375,11.875,5.5],"rotation":0,"texture":"#0","tintindex":0}}},{"from":[0.28571415,5.428571,2.8571424],"to":[15.714286,6.714286,5.428571],"rotation":{"angle":0.0,"axis":"y","origin":[8.0,-16.428572,8.0]},"faces":{"east":{"uv":[2.0,6.25,2.25,6.375],"rotation":0,"texture":"#0","tintindex":0},"south":{"uv":[8.875,11.875,10.375,12.0],"rotation":0,"texture":"#0","tintindex":0},"north":{"uv":[11.875,5.5,13.375,5.625],"rotation":0,"texture":"#0","tintindex":0},"west":{"uv":[6.75,1.75,7.0,1.875],"rotation":0,"texture":"#0","tintindex":0},"up":{"uv":[12.0,6.5,10.5,6.25],"rotation":0,"texture":"#0","tintindex":0},"down":{"uv":[12.0,9.875,10.5,10.125],"rotation":0,"texture":"#0","tintindex":0}}},{"from":[-1.0,-2.285715,2.8571424],"to":[17.0,5.428571,15.714286],"rotation":{"angle":0.0,"axis":"y","origin":[8.0,-16.428572,8.0]},"faces":{"east":{"uv":[6.25,0.0,7.5,0.75],"rotation":0,"texture":"#0","tintindex":0},"south":{"uv":[2.25,4.5,4.0,5.25],"rotation":0,"texture":"#0","tintindex":0},"north":{"uv":[4.5,0.0,6.25,0.75],"rotation":0,"texture":"#0","tintindex":0},"west":{"uv":[6.25,4.625,7.5,5.375],"rotation":0,"texture":"#0","tintindex":0},"up":{"uv":[4.0,2.375,2.25,1.125],"rotation":0,"texture":"#0","tintindex":0},"down":{"uv":[4.0,2.375,2.25,3.625],"rotation":0,"texture":"#0","tintindex":0}}},{"from":[-2.285715,-1.0,4.142857],"to":[-1.0,5.428571,14.428572],"rotation":{"angle":0.0,"axis":"y","origin":[8.0,-16.428572,8.0]},"faces":{"east":{"uv":[8.375,7.125,9.375,7.75],"rotation":0,"texture":"#0","tintindex":0},"south":{"uv":[10.75,12.25,10.875,12.875],"rotation":0,"texture":"#0","tintindex":0},"north":{"uv":[10.625,12.25,10.75,12.875],"rotation":0,"texture":"#0","tintindex":0},"west":{"uv":[8.375,7.75,9.375,8.375],"rotation":0,"texture":"#0","tintindex":0},"up":{"uv":[7.75,7.0,7.625,6.0],"rotation":0,"texture":"#0","tintindex":0},"down":{"uv":[7.875,6.0,7.75,7.0],"rotation":0,"texture":"#0","tintindex":0}}},{"from":[17.0,-1.0,4.142857],"to":[18.285715,5.428571,14.428572],"rotation":{"angle":0.0,"axis":"y","origin":[8.0,-16.428572,8.0]},"faces":{"east":{"uv":[8.375,8.375,9.375,9.0],"rotation":0,"texture":"#0","tintindex":0},"south":{"uv":[11.375,12.25,11.5,12.875],"rotation":0,"texture":"#0","tintindex":0},"north":{"uv":[11.25,12.25,11.375,12.875],"rotation":0,"texture":"#0","tintindex":0},"west":{"uv":[8.5,0.0,9.5,0.625],"rotation":0,"texture":"#0","tintindex":0},"up":{"uv":[5.125,9.125,5.0,8.125],"rotation":0,"texture":"#0","tintindex":0},"down":{"uv":[5.25,8.125,5.125,9.125],"rotation":0,"texture":"#0","tintindex":0}}},{"from":[2.8571424,-3.5714293,15.714286],"to":[13.142858,0.28571415,17.0],"rotation":{"angle":0.0,"axis":"y","origin":[8.0,-16.428572,8.0]},"faces":{"east":{"uv":[1.0,12.5,1.125,12.875],"rotation":0,"texture":"#0","tintindex":0},"south":{"uv":[0.75,10.75,1.75,11.125],"rotation":0,"texture":"#0","tintindex":0},"north":{"uv":[10.625,5.0,11.625,5.375],"rotation":0,"texture":"#0","tintindex":0},"west":{"uv":[12.5,1.25,12.625,1.625],"rotation":0,"texture":"#0","tintindex":0},"up":{"uv":[13.0,11.125,12.0,11.0],"rotation":0,"texture":"#0","tintindex":0},"down":{"uv":[13.125,0.375,12.125,0.5],"rotation":0,"texture":"#0","tintindex":0}}},{"from":[1.5714283,0.28571415,15.714286],"to":[14.428572,5.428571,18.285715],"rotation":{"angle":0.0,"axis":"y","origin":[8.0,-16.428572,8.0]},"faces":{"east":{"uv":[2.0,5.75,2.25,6.25],"rotation":0,"texture":"#0","tintindex":0},"south":{"uv":[8.5,6.5,9.75,7.0],"rotation":0,"texture":"#0","tintindex":0},"north":{"uv":[8.5,6.0,9.75,6.5],"rotation":0,"texture":"#0","tintindex":0},"west":{"uv":[0.75,8.25,1.0,8.75],"rotation":0,"texture":"#0","tintindex":0},"up":{"uv":[11.875,5.625,10.625,5.375],"rotation":0,"texture":"#0","tintindex":0},"down":{"uv":[12.0,7.375,10.75,7.625],"rotation":0,"texture":"#0","tintindex":0}}},{"from":[1.5714283,-7.4285717,6.714286],"to":[14.428572,-2.285715,15.714286],"rotation":{"angle":0.0,"axis":"y","origin":[8.0,-16.428572,8.0]},"faces":{"east":{"uv":[10.125,7.625,11.0,8.125],"rotation":0,"texture":"#0","tintindex":0},"south":{"uv":[8.625,1.125,9.875,1.625],"rotation":0,"texture":"#0","tintindex":0},"north":{"uv":[8.625,0.625,9.875,1.125],"rotation":0,"texture":"#0","tintindex":0},"west":{"uv":[10.125,8.125,11.0,8.625],"rotation":0,"texture":"#0","tintindex":0},"up":{"uv":[7.0,2.75,5.75,1.875],"rotation":0,"texture":"#0","tintindex":0},"down":{"uv":[7.5,2.75,6.25,3.625],"rotation":0,"texture":"#0","tintindex":0}}},{"from":[1.5739994,-9.1402855,14.431143],"to":[14.426001,-2.7168589,18.283142],"rotation":{"angle":-45.0,"axis":"x","origin":[8.0,-16.428572,8.0]},"faces":{"east":{"uv":[7.25,11.625,7.625,12.25],"rotation":0,"texture":"#0","tintindex":0},"south":{"uv":[6.625,7.0,7.875,7.625],"rotation":0,"texture":"#0","tintindex":0},"north":{"uv":[5.375,7.0,6.625,7.625],"rotation":0,"texture":"#0","tintindex":0},"west":{"uv":[11.625,8.25,12.0,8.875],"rotation":0,"texture":"#0","tintindex":0},"up":{"uv":[5.75,1.125,4.5,0.75],"rotation":0,"texture":"#0","tintindex":0},"down":{"uv":[11.0,6.5,9.75,6.875],"rotation":0,"texture":"#0","tintindex":0}}}],"textures":{"0":"modelengine:entity/rocky"},"display":{"head":{"translation":[0.0,-6.4,0.0],"scale":[4.0,4.0,4.0]}}}