{"elements":[{"from":[5.428571,-1.0,6.714286],"to":[10.571428,14.428572,11.857143],"rotation":{"angle":0.0,"axis":"y","origin":[13.142858,-31.857143,5.428571]},"faces":{"east":{"uv":[2.0,7.625,2.5,9.125],"rotation":0,"texture":"#0","tintindex":0},"south":{"uv":[5.25,7.625,5.75,9.125],"rotation":0,"texture":"#0","tintindex":0},"north":{"uv":[7.5,4.5,8.0,6.0],"rotation":0,"texture":"#0","tintindex":0},"west":{"uv":[5.75,7.625,6.25,9.125],"rotation":0,"texture":"#0","tintindex":0},"up":{"uv":[6.75,12.0,6.25,11.5],"rotation":0,"texture":"#0","tintindex":0},"down":{"uv":[7.25,11.5,6.75,12.0],"rotation":0,"texture":"#0","tintindex":0}}},{"from":[6.714286,11.857143,8.0],"to":[9.285714,24.714287,10.571428],"rotation":{"angle":0.0,"axis":"y","origin":[13.142858,-31.857143,5.428571]},"faces":{"east":{"uv":[6.75,7.625,7.25,9.125],"rotation":0,"texture":"#0","tintindex":0},"south":{"uv":[7.25,7.625,7.75,9.125],"rotation":0,"texture":"#0","tintindex":0},"north":{"uv":[6.25,7.625,6.75,9.125],"rotation":0,"texture":"#0","tintindex":0},"west":{"uv":[1.0,7.75,1.5,9.25],"rotation":0,"texture":"#0","tintindex":0},"up":{"uv":[12.0,7.375,11.5,6.875],"rotation":0,"texture":"#0","tintindex":0},"down":{"uv":[12.0,10.125,11.5,10.625],"rotation":0,"texture":"#0","tintindex":0}}}],"textures":{"0":"modelengine:entity/rocky"},"display":{"head":{"translation":[0.0,-6.4,0.0],"scale":[4.0,4.0,4.0]}}}