{"elements":[{"from":[5.428571,5.428571,0.28571415],"to":[11.857143,10.571428,8.0],"rotation":{"angle":22.5,"axis":"x","origin":[13.142858,-1.0,5.428571]},"faces":{"east":{"uv":[10.25,10.75,11.0,11.25],"rotation":0,"texture":"#0","tintindex":0},"south":{"uv":[2.625,11.25,3.25,11.75],"rotation":0,"texture":"#0","tintindex":0},"north":{"uv":[2.0,11.25,2.625,11.75],"rotation":0,"texture":"#0","tintindex":0},"west":{"uv":[10.875,0.0,11.625,0.5],"rotation":0,"texture":"#0","tintindex":0},"up":{"uv":[10.75,7.625,10.125,6.875],"rotation":0,"texture":"#0","tintindex":0},"down":{"uv":[7.625,10.125,7.0,10.875],"rotation":0,"texture":"#0","tintindex":0}}},{"from":[6.714286,2.8571424,4.142857],"to":[10.571428,8.0,9.285714],"rotation":{"angle":0.0,"axis":"y","origin":[8.0,6.714286,5.428571]},"faces":{"east":{"uv":[3.25,11.625,3.75,12.125],"rotation":0,"texture":"#0","tintindex":0},"south":{"uv":[12.0,6.875,12.375,7.375],"rotation":0,"texture":"#0","tintindex":0},"north":{"uv":[6.75,12.0,7.125,12.5],"rotation":0,"texture":"#0","tintindex":0},"west":{"uv":[3.75,11.625,4.25,12.125],"rotation":0,"texture":"#0","tintindex":0},"up":{"uv":[12.375,8.75,12.0,8.25],"rotation":0,"texture":"#0","tintindex":0},"down":{"uv":[12.375,8.75,12.0,9.25],"rotation":0,"texture":"#0","tintindex":0}}}],"textures":{"0":"modelengine:entity/rocky"},"display":{"head":{"translation":[0.0,-6.4,0.0],"scale":[4.0,4.0,4.0]}}}