{"elements":[{"from":[7.1431427,7.991577,5.186618],"to":[8.857429,9.705863,8.043761],"rotation":{"angle":0.0,"axis":"y","origin":[8.000286,10.655002,5.6509924]},"faces":{"east":{"uv":[8.0,1.25,9.25,2.0],"rotation":0,"texture":"#0","tintindex":0},"south":{"uv":[5.75,9.0,6.5,9.75],"rotation":0,"texture":"#0","tintindex":0},"north":{"uv":[5.0,9.0,5.75,9.75],"rotation":0,"texture":"#0","tintindex":0},"west":{"uv":[8.0,6.75,9.25,7.5],"rotation":0,"texture":"#0","tintindex":0},"up":{"uv":[8.75,8.75,8.0,7.5],"rotation":0,"texture":"#0","tintindex":0},"down":{"uv":[9.0,2.0,8.25,3.25],"rotation":0,"texture":"#0","tintindex":0}}},{"from":[7.4288573,8.563005,3.472332],"to":[8.571714,9.134435,5.186618],"rotation":{"angle":0.0,"axis":"y","origin":[8.000286,8.327095,3.7602205]},"faces":{"east":{"uv":[9.5,3.0,10.25,3.25],"rotation":0,"texture":"#0","tintindex":0},"south":{"uv":[0.75,7.75,1.25,8.0],"rotation":0,"texture":"#0","tintindex":0},"north":{"uv":[2.75,7.5,3.25,7.75],"rotation":0,"texture":"#0","tintindex":0},"west":{"uv":[9.5,8.75,10.25,9.0],"rotation":0,"texture":"#0","tintindex":0},"up":{"uv":[9.75,1.75,9.25,1.0],"rotation":0,"texture":"#0","tintindex":0},"down":{"uv":[2.0,9.25,1.5,10.0],"rotation":0,"texture":"#0","tintindex":0}}},{"from":[7.7145715,9.003666,5.793041],"to":[8.286,11.860808,8.650185],"rotation":{"angle":22.5,"axis":"x","origin":[9.714571,11.717756,5.853863]},"faces":{"east":{"uv":[3.25,6.5,4.5,7.75],"rotation":0,"texture":"#0","tintindex":0},"south":{"uv":[9.25,5.5,9.5,6.75],"rotation":0,"texture":"#0","tintindex":0},"north":{"uv":[4.0,9.0,4.25,10.25],"rotation":0,"texture":"#0","tintindex":0},"west":{"uv":[6.5,6.0,7.75,7.25],"rotation":0,"texture":"#0","tintindex":0},"up":{"uv":[9.5,8.0,9.25,6.75],"rotation":0,"texture":"#0","tintindex":0},"down":{"uv":[9.75,1.75,9.5,3.0],"rotation":0,"texture":"#0","tintindex":0}}},{"from":[7.7145715,8.571832,5.8094416],"to":[8.286,9.000403,6.3808703],"rotation":{"angle":22.5,"axis":"x","origin":[9.714571,11.757351,5.870263]},"faces":{"east":{"uv":[5.0,8.75,5.25,9.0],"rotation":0,"texture":"#0","tintindex":0},"south":{"uv":[9.25,1.75,9.5,2.0],"rotation":0,"texture":"#0","tintindex":0},"north":{"uv":[5.0,8.5,5.25,8.75],"rotation":0,"texture":"#0","tintindex":0},"west":{"uv":[9.5,9.0,9.75,9.25],"rotation":0,"texture":"#0","tintindex":0},"up":{"uv":[9.75,9.5,9.5,9.25],"rotation":0,"texture":"#0","tintindex":0},"down":{"uv":[9.75,9.5,9.5,9.75],"rotation":0,"texture":"#0","tintindex":0}}}],"textures":{"0":"modelengine:entity/nm_cassowary_texture"},"display":{"head":{"translation":[0.0,-6.4,0.0],"scale":[4.0,4.0,4.0]}}}