{"elements":[{"from":[7.1571426,9.839057,6.240551],"to":[8.842857,11.553343,7.954837],"rotation":{"angle":22.5,"axis":"x","origin":[8.0,10.845011,6.739609]},"faces":{"east":{"uv":[2.5,9.0,3.25,9.75],"rotation":0,"texture":"#0","tintindex":0},"south":{"uv":[3.25,9.0,4.0,9.75],"rotation":0,"texture":"#0","tintindex":0},"north":{"uv":[8.25,3.25,9.0,4.0],"rotation":0,"texture":"#0","tintindex":0},"west":{"uv":[9.0,3.25,9.75,4.0],"rotation":0,"texture":"#0","tintindex":0},"up":{"uv":[9.75,4.75,9.0,4.0],"rotation":0,"texture":"#0","tintindex":0},"down":{"uv":[9.75,4.75,9.0,5.5],"rotation":0,"texture":"#0","tintindex":0}}},{"from":[7.1571426,7.2518635,5.3257327],"to":[8.842857,9.537578,8.754305],"rotation":{"angle":22.5,"axis":"x","origin":[8.0,8.394721,7.0400186]},"faces":{"east":{"uv":[6.75,2.0,8.25,3.0],"rotation":0,"texture":"#0","tintindex":0},"south":{"uv":[8.5,5.5,9.25,6.5],"rotation":0,"texture":"#0","tintindex":0},"north":{"uv":[4.25,8.5,5.0,9.5],"rotation":0,"texture":"#0","tintindex":0},"west":{"uv":[6.75,3.0,8.25,4.0],"rotation":0,"texture":"#0","tintindex":0},"up":{"uv":[2.75,9.0,2.0,7.5],"rotation":0,"texture":"#0","tintindex":0},"down":{"uv":[0.75,7.75,0.0,9.25],"rotation":0,"texture":"#0","tintindex":0}}},{"from":[7.1571426,5.137744,5.018301],"to":[8.842857,7.994887,5.018301],"rotation":{"angle":0.0,"axis":"y","origin":[8.0,7.236972,4.455554]},"faces":{"east":{"uv":[0.0,0.0,0.0,1.25],"rotation":0,"texture":"#0","tintindex":0},"south":{"uv":[0.75,8.0,1.5,9.25],"rotation":0,"texture":"#0","tintindex":0},"north":{"uv":[8.0,0.0,8.75,1.25],"rotation":0,"texture":"#0","tintindex":0},"west":{"uv":[0.0,0.0,0.0,1.25],"rotation":0,"texture":"#0","tintindex":0},"up":{"uv":[0.75,0.0,0.0,0.0],"rotation":0,"texture":"#0","tintindex":0},"down":{"uv":[0.75,0.0,0.0,0.0],"rotation":0,"texture":"#0","tintindex":0}}}],"textures":{"0":"modelengine:entity/nm_cassowary_texture"},"display":{"head":{"translation":[0.0,-6.4,0.0],"scale":[4.0,4.0,4.0]}}}