{"elements":[{"from":[7.428571,2.75636,8.8623705],"to":[8.571428,5.613503,10.005228],"rotation":{"angle":0.0,"axis":"y","origin":[6.285714,2.75636,7.148085]},"faces":{"east":{"uv":[1.5,8.0,2.0,9.25],"rotation":0,"texture":"#0","tintindex":0},"south":{"uv":[8.75,0.0,9.25,1.25],"rotation":0,"texture":"#0","tintindex":0},"north":{"uv":[6.0,7.75,6.5,9.0],"rotation":0,"texture":"#0","tintindex":0},"west":{"uv":[8.75,7.5,9.25,8.75],"rotation":0,"texture":"#0","tintindex":0},"up":{"uv":[9.75,8.5,9.25,8.0],"rotation":0,"texture":"#0","tintindex":0},"down":{"uv":[4.75,9.5,4.25,10.0],"rotation":0,"texture":"#0","tintindex":0}}},{"from":[7.142857,5.1091123,7.3903017],"to":[8.857143,9.109113,10.247445],"rotation":{"angle":-22.5,"axis":"x","origin":[8.0,7.042074,8.8623705]},"faces":{"east":{"uv":[2.0,4.0,3.25,5.75],"rotation":0,"texture":"#0","tintindex":0},"south":{"uv":[7.25,0.0,8.0,1.75],"rotation":0,"texture":"#0","tintindex":0},"north":{"uv":[6.75,4.0,7.5,5.75],"rotation":0,"texture":"#0","tintindex":0},"west":{"uv":[2.0,5.75,3.25,7.5],"rotation":0,"texture":"#0","tintindex":0},"up":{"uv":[3.5,9.0,2.75,7.75],"rotation":0,"texture":"#0","tintindex":0},"down":{"uv":[4.25,7.75,3.5,9.0],"rotation":0,"texture":"#0","tintindex":0}}},{"from":[8.285714,2.8277884,7.7195134],"to":[9.428572,2.8277884,10.005228],"rotation":{"angle":0.0,"axis":"y","origin":[6.285714,2.75636,7.148085]},"faces":{"east":{"uv":[1.0,0.0,0.0,0.0],"rotation":0,"texture":"#0","tintindex":0},"south":{"uv":[0.5,0.0,0.0,0.0],"rotation":0,"texture":"#0","tintindex":0},"north":{"uv":[0.5,0.0,0.0,0.0],"rotation":0,"texture":"#0","tintindex":0},"west":{"uv":[1.0,0.0,0.0,0.0],"rotation":0,"texture":"#0","tintindex":0},"up":{"uv":[0.0,10.25,0.5,9.25],"rotation":0,"texture":"#0","tintindex":0},"down":{"uv":[9.25,0.0,9.75,1.0],"rotation":0,"texture":"#0","tintindex":0}}},{"from":[6.5714283,2.8277884,7.7195134],"to":[7.714286,2.8277884,10.005228],"rotation":{"angle":0.0,"axis":"y","origin":[6.285714,2.75636,7.148085]},"faces":{"east":{"uv":[1.0,0.0,0.0,0.0],"rotation":0,"texture":"#0","tintindex":0},"south":{"uv":[0.5,0.0,0.0,0.0],"rotation":0,"texture":"#0","tintindex":0},"north":{"uv":[0.5,0.0,0.0,0.0],"rotation":0,"texture":"#0","tintindex":0},"west":{"uv":[1.0,0.0,0.0,0.0],"rotation":0,"texture":"#0","tintindex":0},"up":{"uv":[0.5,10.25,1.0,9.25],"rotation":0,"texture":"#0","tintindex":0},"down":{"uv":[1.0,9.25,1.5,10.25],"rotation":0,"texture":"#0","tintindex":0}}},{"from":[7.714286,2.75636,7.148085],"to":[8.285714,3.3277884,8.8623705],"rotation":{"angle":0.0,"axis":"y","origin":[6.285714,2.75636,7.148085]},"faces":{"east":{"uv":[6.75,5.75,7.5,6.0],"rotation":0,"texture":"#0","tintindex":0},"south":{"uv":[7.5,5.75,7.75,6.0],"rotation":0,"texture":"#0","tintindex":0},"north":{"uv":[7.5,5.5,7.75,5.75],"rotation":0,"texture":"#0","tintindex":0},"west":{"uv":[7.25,1.75,8.0,2.0],"rotation":0,"texture":"#0","tintindex":0},"up":{"uv":[4.5,8.5,4.25,7.75],"rotation":0,"texture":"#0","tintindex":0},"down":{"uv":[5.0,9.5,4.75,10.25],"rotation":0,"texture":"#0","tintindex":0}}}],"textures":{"0":"modelengine:entity/nm_cassowary_texture"},"display":{"head":{"translation":[0.0,-6.4,0.0],"scale":[4.0,4.0,4.0]}}}