{"elements":[{"from":[7.714286,6.6377316,6.6479826],"to":[8.285714,11.20916,8.933697],"rotation":{"angle":0.0,"axis":"y","origin":[8.0,4.5714283,6.285714]},"faces":{"east":{"uv":[0.0,1.0,1.0,3.0],"rotation":0,"texture":"#0","tintindex":0},"south":{"uv":[2.25,1.0,2.5,3.0],"rotation":0,"texture":"#0","tintindex":0},"north":{"uv":[1.0,1.0,1.25,3.0],"rotation":0,"texture":"#0","tintindex":0},"west":{"uv":[1.25,1.0,2.25,3.0],"rotation":0,"texture":"#0","tintindex":0},"up":{"uv":[1.25,1.0,1.0,0.0],"rotation":0,"texture":"#0","tintindex":0},"down":{"uv":[1.5,0.0,1.25,1.0],"rotation":0,"texture":"#0","tintindex":0}}}],"textures":{"0":"modelengine:entity/blacktip_reef"},"display":{"head":{"translation":[0.0,-6.4,0.0],"scale":[4.0,4.0,4.0]}}}