{"elements":[{"from":[6.285714,8.0,3.4285712],"to":[9.714286,11.428572,14.285715],"rotation":{"angle":0.0,"axis":"y","origin":[8.0,8.0,9.714286]},"faces":{"east":{"uv":[0.0,4.75,4.75,6.25],"rotation":0,"texture":"#0","tintindex":0},"south":{"uv":[11.0,4.75,12.5,6.25],"rotation":0,"texture":"#0","tintindex":0},"north":{"uv":[4.75,4.75,6.25,6.25],"rotation":0,"texture":"#0","tintindex":0},"west":{"uv":[6.25,4.75,11.0,6.25],"rotation":0,"texture":"#0","tintindex":0},"up":{"uv":[6.25,4.75,4.75,0.0],"rotation":0,"texture":"#0","tintindex":0},"down":{"uv":[7.75,0.0,6.25,4.75],"rotation":0,"texture":"#0","tintindex":0}}}],"textures":{"0":"modelengine:entity/blacktip_reef"},"display":{"head":{"translation":[0.0,-6.4,0.0],"scale":[4.0,4.0,4.0]}}}