{"elements":[{"from":[4.0,7.428571,6.5714283],"to":[8.571428,8.0,8.857143],"rotation":{"angle":0.0,"axis":"y","origin":[9.714286,7.428571,8.571428]},"faces":{"east":{"uv":[7.75,2.25,8.75,2.5],"rotation":0,"texture":"#0","tintindex":0},"south":{"uv":[11.75,2.25,13.75,2.5],"rotation":0,"texture":"#0","tintindex":0},"north":{"uv":[8.75,2.25,10.75,2.5],"rotation":0,"texture":"#0","tintindex":0},"west":{"uv":[10.75,2.25,11.75,2.5],"rotation":0,"texture":"#0","tintindex":0},"up":{"uv":[10.75,2.25,8.75,1.25],"rotation":0,"texture":"#0","tintindex":0},"down":{"uv":[12.75,1.25,10.75,2.25],"rotation":0,"texture":"#0","tintindex":0}}}],"textures":{"0":"modelengine:entity/blacktip_reef"},"display":{"head":{"translation":[0.0,-6.4,0.0],"scale":[4.0,4.0,4.0]}}}