{"elements":[{"from":[6.857143,6.5714283,8.0],"to":[9.142858,10.0,15.428572],"rotation":{"angle":0.0,"axis":"y","origin":[8.0,6.5714283,3.4285712]},"faces":{"east":{"uv":[0.0,9.5,3.25,11.0],"rotation":0,"texture":"#0","tintindex":0},"south":{"uv":[7.5,9.5,8.5,11.0],"rotation":0,"texture":"#0","tintindex":0},"north":{"uv":[3.25,9.5,4.25,11.0],"rotation":0,"texture":"#0","tintindex":0},"west":{"uv":[4.25,9.5,7.5,11.0],"rotation":0,"texture":"#0","tintindex":0},"up":{"uv":[4.25,9.5,3.25,6.25],"rotation":0,"texture":"#0","tintindex":0},"down":{"uv":[5.25,6.25,4.25,9.5],"rotation":0,"texture":"#0","tintindex":0}}},{"from":[8.0,10.0,9.714286],"to":[8.0,11.714286,13.142858],"rotation":{"angle":0.0,"axis":"y","origin":[8.0,6.5714283,3.4285712]},"faces":{"east":{"uv":[0.0,3.75,1.5,4.5],"rotation":0,"texture":"#0","tintindex":0},"south":{"uv":[3.0,3.75,3.0,4.5],"rotation":0,"texture":"#0","tintindex":0},"north":{"uv":[1.5,3.75,1.5,4.5],"rotation":0,"texture":"#0","tintindex":0},"west":{"uv":[1.5,3.75,3.0,4.5],"rotation":0,"texture":"#0","tintindex":0},"up":{"uv":[1.5,3.75,1.5,2.25],"rotation":0,"texture":"#0","tintindex":0},"down":{"uv":[1.5,2.25,1.5,3.75],"rotation":0,"texture":"#0","tintindex":0}}},{"from":[8.0,4.8571424,9.714286],"to":[8.0,6.5714283,13.142858],"rotation":{"angle":0.0,"axis":"y","origin":[8.0,6.5714283,3.4285712]},"faces":{"east":{"uv":[0.0,3.0,1.5,3.75],"rotation":0,"texture":"#0","tintindex":0},"south":{"uv":[3.0,3.0,3.0,3.75],"rotation":0,"texture":"#0","tintindex":0},"north":{"uv":[1.5,3.0,1.5,3.75],"rotation":0,"texture":"#0","tintindex":0},"west":{"uv":[1.5,3.0,3.0,3.75],"rotation":0,"texture":"#0","tintindex":0},"up":{"uv":[1.5,3.0,1.5,1.5],"rotation":0,"texture":"#0","tintindex":0},"down":{"uv":[1.5,1.5,1.5,3.0],"rotation":0,"texture":"#0","tintindex":0}}}],"textures":{"0":"modelengine:entity/blacktip_reef"},"display":{"head":{"translation":[0.0,-6.4,0.0],"scale":[4.0,4.0,4.0]}}}