{"elements":[{"from":[7.714286,5.0,6.857143],"to":[8.285714,13.571428,9.714286],"rotation":{"angle":0.0,"axis":"y","origin":[8.0,6.5714283,-3.4285717]},"faces":{"east":{"uv":[8.5,7.5,9.75,11.25],"rotation":0,"texture":"#0","tintindex":0},"south":{"uv":[11.25,7.5,11.5,11.25],"rotation":0,"texture":"#0","tintindex":0},"north":{"uv":[9.75,7.5,10.0,11.25],"rotation":0,"texture":"#0","tintindex":0},"west":{"uv":[10.0,7.5,11.25,11.25],"rotation":0,"texture":"#0","tintindex":0},"up":{"uv":[10.0,7.5,9.75,6.25],"rotation":0,"texture":"#0","tintindex":0},"down":{"uv":[10.25,6.25,10.0,7.5],"rotation":0,"texture":"#0","tintindex":0}}}],"textures":{"0":"modelengine:entity/blacktip_reef"},"display":{"head":{"translation":[0.0,-6.4,0.0],"scale":[4.0,4.0,4.0]}}}