{"elements":[{"from":[7.428571,7.428571,6.857143],"to":[8.571428,9.142858,10.285714],"rotation":{"angle":0.0,"axis":"y","origin":[8.0,4.5714283,6.285714]},"faces":{"east":{"uv":[5.0,10.0,8.0,11.5],"rotation":0,"texture":"#0","tintindex":0},"south":{"uv":[12.0,10.0,13.0,11.5],"rotation":0,"texture":"#0","tintindex":0},"north":{"uv":[8.0,10.0,9.0,11.5],"rotation":0,"texture":"#0","tintindex":0},"west":{"uv":[9.0,10.0,12.0,11.5],"rotation":0,"texture":"#0","tintindex":0},"up":{"uv":[9.0,10.0,8.0,7.0],"rotation":0,"texture":"#0","tintindex":0},"down":{"uv":[10.0,7.0,9.0,10.0],"rotation":0,"texture":"#0","tintindex":0}}},{"from":[8.0,9.142858,6.285714],"to":[8.0,11.428572,10.285714],"rotation":{"angle":0.0,"axis":"y","origin":[8.0,4.5714283,6.285714]},"faces":{"east":{"uv":[0.0,8.0,3.5,10.0],"rotation":0,"texture":"#0","tintindex":0},"south":{"uv":[7.0,8.0,7.0,10.0],"rotation":0,"texture":"#0","tintindex":0},"north":{"uv":[3.5,8.0,3.5,10.0],"rotation":0,"texture":"#0","tintindex":0},"west":{"uv":[3.5,8.0,7.0,10.0],"rotation":0,"texture":"#0","tintindex":0},"up":{"uv":[3.5,8.0,3.5,4.5],"rotation":0,"texture":"#0","tintindex":0},"down":{"uv":[3.5,4.5,3.5,8.0],"rotation":0,"texture":"#0","tintindex":0}}}],"textures":{"0":"modelengine:entity/bettafish"},"display":{"head":{"translation":[0.0,-6.4,0.0],"scale":[4.0,4.0,4.0]}}}