{"elements":[{"from":[8.521623,5.7164626,7.428571],"to":[8.521623,8.002177,8.571428],"rotation":{"angle":0.0,"axis":"y","origin":[8.0,5.142857,7.428571]},"faces":{"east":{"uv":[5.0,1.0,6.0,3.0],"rotation":0,"texture":"#0","tintindex":0},"south":{"uv":[7.0,1.0,7.0,3.0],"rotation":0,"texture":"#0","tintindex":0},"north":{"uv":[6.0,1.0,6.0,3.0],"rotation":0,"texture":"#0","tintindex":0},"west":{"uv":[6.0,1.0,7.0,3.0],"rotation":0,"texture":"#0","tintindex":0},"up":{"uv":[6.0,1.0,6.0,0.0],"rotation":0,"texture":"#0","tintindex":0},"down":{"uv":[6.0,0.0,6.0,1.0],"rotation":0,"texture":"#0","tintindex":0}}}],"textures":{"0":"modelengine:entity/bettafish"},"display":{"head":{"translation":[0.0,-6.4,0.0],"scale":[4.0,4.0,4.0]}}}