{"elements":[{"from":[8.047628,5.766263,7.428571],"to":[8.047628,8.051977,8.571428],"rotation":{"angle":0.0,"axis":"y","origin":[8.571428,5.142857,7.428571]},"faces":{"east":{"uv":[7.0,1.0,8.0,3.0],"rotation":0,"texture":"#0","tintindex":0},"south":{"uv":[9.0,1.0,9.0,3.0],"rotation":0,"texture":"#0","tintindex":0},"north":{"uv":[8.0,1.0,8.0,3.0],"rotation":0,"texture":"#0","tintindex":0},"west":{"uv":[8.0,1.0,9.0,3.0],"rotation":0,"texture":"#0","tintindex":0},"up":{"uv":[8.0,1.0,8.0,0.0],"rotation":0,"texture":"#0","tintindex":0},"down":{"uv":[8.0,0.0,8.0,1.0],"rotation":0,"texture":"#0","tintindex":0}}}],"textures":{"0":"modelengine:entity/bettafish"},"display":{"head":{"translation":[0.0,-6.4,0.0],"scale":[4.0,4.0,4.0]}}}