{"elements":[{"from":[8.0,5.714286,6.285714],"to":[8.0,8.0,9.714286],"rotation":{"angle":0.0,"axis":"y","origin":[8.0,5.142857,5.714286]},"faces":{"east":{"uv":[8.0,3.0,11.0,5.0],"rotation":0,"texture":"#0","tintindex":0},"south":{"uv":[14.0,3.0,14.0,5.0],"rotation":0,"texture":"#0","tintindex":0},"north":{"uv":[11.0,3.0,11.0,5.0],"rotation":0,"texture":"#0","tintindex":0},"west":{"uv":[11.0,3.0,14.0,5.0],"rotation":0,"texture":"#0","tintindex":0},"up":{"uv":[11.0,3.0,11.0,0.0],"rotation":0,"texture":"#0","tintindex":0},"down":{"uv":[11.0,0.0,11.0,3.0],"rotation":0,"texture":"#0","tintindex":0}}}],"textures":{"0":"modelengine:entity/bettafish"},"display":{"head":{"translation":[0.0,-6.4,0.0],"scale":[4.0,4.0,4.0]}}}