{"elements":[{"from":[7.428571,7.428571,6.857143],"to":[8.571428,9.142858,8.571428],"rotation":{"angle":0.0,"axis":"y","origin":[8.0,4.5714283,8.0]},"faces":{"east":{"uv":[0.0,1.5,1.5,3.0],"rotation":0,"texture":"#0","tintindex":0},"south":{"uv":[4.0,1.5,5.0,3.0],"rotation":0,"texture":"#0","tintindex":0},"north":{"uv":[1.5,1.5,2.5,3.0],"rotation":0,"texture":"#0","tintindex":0},"west":{"uv":[2.5,1.5,4.0,3.0],"rotation":0,"texture":"#0","tintindex":0},"up":{"uv":[2.5,1.5,1.5,0.0],"rotation":0,"texture":"#0","tintindex":0},"down":{"uv":[3.5,0.0,2.5,1.5],"rotation":0,"texture":"#0","tintindex":0}}}],"textures":{"0":"modelengine:entity/bettafish"},"display":{"head":{"translation":[0.0,-6.4,0.0],"scale":[4.0,4.0,4.0]}}}