{"elements":[{"from":[6.815097,6.9604855,8.076554],"to":[7.9579544,8.103343,8.647983],"rotation":{"angle":0.0,"axis":"y","origin":[8.571428,4.5714283,7.428571]},"faces":{"east":{"uv":[9.0,0.5,9.5,1.5],"rotation":0,"texture":"#0","tintindex":0},"south":{"uv":[11.0,0.5,12.0,1.5],"rotation":0,"texture":"#0","tintindex":0},"north":{"uv":[9.5,0.5,10.5,1.5],"rotation":0,"texture":"#0","tintindex":0},"west":{"uv":[10.5,0.5,11.0,1.5],"rotation":0,"texture":"#0","tintindex":0},"up":{"uv":[10.5,0.5,9.5,0.0],"rotation":0,"texture":"#0","tintindex":0},"down":{"uv":[11.5,0.0,10.5,0.5],"rotation":0,"texture":"#0","tintindex":0}}}],"textures":{"0":"modelengine:entity/bettafish"},"display":{"head":{"translation":[0.0,-6.4,0.0],"scale":[4.0,4.0,4.0]}}}