{"elements":[{"from":[8.042046,6.9604855,8.076554],"to":[9.184903,8.103343,8.647983],"rotation":{"angle":0.0,"axis":"y","origin":[7.428571,4.5714283,7.428571]},"faces":{"east":{"uv":[8.0,5.5,8.5,6.5],"rotation":0,"texture":"#0","tintindex":0},"south":{"uv":[10.0,5.5,11.0,6.5],"rotation":0,"texture":"#0","tintindex":0},"north":{"uv":[8.5,5.5,9.5,6.5],"rotation":0,"texture":"#0","tintindex":0},"west":{"uv":[9.5,5.5,10.0,6.5],"rotation":0,"texture":"#0","tintindex":0},"up":{"uv":[9.5,5.5,8.5,5.0],"rotation":0,"texture":"#0","tintindex":0},"down":{"uv":[10.5,5.0,9.5,5.5],"rotation":0,"texture":"#0","tintindex":0}}}],"textures":{"0":"modelengine:entity/bettafish"},"display":{"head":{"translation":[0.0,-6.4,0.0],"scale":[4.0,4.0,4.0]}}}