{"parent":"minecraft:item/generated","textures":{"layer0":"minecraft:item/leather_horse_armor"},"overrides":[{"predicate":{"custom_model_data":1},"model":"modelengine:archaeopteryx/body"},{"predicate":{"custom_model_data":2},"model":"modelengine:archaeopteryx/wing1"},{"predicate":{"custom_model_data":3},"model":"modelengine:archaeopteryx/wing2"},{"predicate":{"custom_model_data":4},"model":"modelengine:archaeopteryx/leg1"},{"predicate":{"custom_model_data":5},"model":"modelengine:archaeopteryx/leg2"},{"predicate":{"custom_model_data":6},"model":"modelengine:archaeopteryx/head"},{"predicate":{"custom_model_data":7},"model":"modelengine:archaeopteryx/tail"},{"predicate":{"custom_model_data":8},"model":"modelengine:hcrab/body"},{"predicate":{"custom_model_data":9},"model":"modelengine:hcrab/head"},{"predicate":{"custom_model_data":10},"model":"modelengine:hcrab/eye1"},{"predicate":{"custom_model_data":11},"model":"modelengine:hcrab/eye2"},{"predicate":{"custom_model_data":12},"model":"modelengine:hcrab/claw"},{"predicate":{"custom_model_data":13},"model":"modelengine:hcrab/bone"},{"predicate":{"custom_model_data":14},"model":"modelengine:hcrab/claw2"},{"predicate":{"custom_model_data":15},"model":"modelengine:hcrab/bone2"},{"predicate":{"custom_model_data":16},"model":"modelengine:hcrab/leg1"},{"predicate":{"custom_model_data":17},"model":"modelengine:hcrab/leg2"},{"predicate":{"custom_model_data":18},"model":"modelengine:hcrab/shell"},{"predicate":{"custom_model_data":19},"model":"modelengine:honduran_whitebat/body"},{"predicate":{"custom_model_data":20},"model":"modelengine:honduran_whitebat/ear1"},{"predicate":{"custom_model_data":21},"model":"modelengine:honduran_whitebat/ear2"},{"predicate":{"custom_model_data":22},"model":"modelengine:honduran_whitebat/wing1"},{"predicate":{"custom_model_data":23},"model":"modelengine:honduran_whitebat/wing2"},{"predicate":{"custom_model_data":24},"model":"modelengine:rocky/body"},{"predicate":{"custom_model_data":25},"model":"modelengine:rocky/crystal3"},{"predicate":{"custom_model_data":26},"model":"modelengine:rocky/cryatla1"},{"predicate":{"custom_model_data":27},"model":"modelengine:rocky/leftarm"},{"predicate":{"custom_model_data":28},"model":"modelengine:rocky/cystal3"},{"predicate":{"custom_model_data":29},"model":"modelengine:rocky/crystal2"},{"predicate":{"custom_model_data":30},"model":"modelengine:rocky/lowerleftarm"},{"predicate":{"custom_model_data":31},"model":"modelengine:rocky/rightarm"},{"predicate":{"custom_model_data":32},"model":"modelengine:rocky/lowerrightarm"},{"predicate":{"custom_model_data":33},"model":"modelengine:rocky/head"},{"predicate":{"custom_model_data":34},"model":"modelengine:rocky/jaw"},{"predicate":{"custom_model_data":35},"model":"modelengine:rocky/leftleg"},{"predicate":{"custom_model_data":36},"model":"modelengine:rocky/rightleg4"},{"predicate":{"custom_model_data":37},"model":"modelengine:rocky/rightleg"},{"predicate":{"custom_model_data":38},"model":"modelengine:rocky/rightleg2"},{"predicate":{"custom_model_data":39},"model":"modelengine:arapaima/body"},{"predicate":{"custom_model_data":40},"model":"modelengine:arapaima/tail"},{"predicate":{"custom_model_data":41},"model":"modelengine:arapaima/bone"},{"predicate":{"custom_model_data":42},"model":"modelengine:arapaima/head"},{"predicate":{"custom_model_data":43},"model":"modelengine:arapaima/fin1"},{"predicate":{"custom_model_data":44},"model":"modelengine:arapaima/fin2"},{"predicate":{"custom_model_data":45},"model":"modelengine:arapaima/bone2"},{"predicate":{"custom_model_data":46},"model":"modelengine:arowana/body_front"},{"predicate":{"custom_model_data":47},"model":"modelengine:arowana/mouth"},{"predicate":{"custom_model_data":48},"model":"modelengine:arowana/body_back"},{"predicate":{"custom_model_data":49},"model":"modelengine:arowana/dorsal_back"},{"predicate":{"custom_model_data":50},"model":"modelengine:arowana/tailfin"},{"predicate":{"custom_model_data":51},"model":"modelengine:arowana/fin1"},{"predicate":{"custom_model_data":52},"model":"modelengine:arowana/fin2"},{"predicate":{"custom_model_data":53},"model":"modelengine:bettafish/body"},{"predicate":{"custom_model_data":54},"model":"modelengine:bettafish/downfin"},{"predicate":{"custom_model_data":55},"model":"modelengine:bettafish/head"},{"predicate":{"custom_model_data":56},"model":"modelengine:bettafish/bone"},{"predicate":{"custom_model_data":57},"model":"modelengine:bettafish/bone2"},{"predicate":{"custom_model_data":58},"model":"modelengine:bettafish/leftfin"},{"predicate":{"custom_model_data":59},"model":"modelengine:bettafish/rightfin"},{"predicate":{"custom_model_data":60},"model":"modelengine:bettafish/tail"},{"predicate":{"custom_model_data":61},"model":"modelengine:blacktip_reef/body"},{"predicate":{"custom_model_data":62},"model":"modelengine:blacktip_reef/tail"},{"predicate":{"custom_model_data":63},"model":"modelengine:blacktip_reef/tail_fin"},{"predicate":{"custom_model_data":64},"model":"modelengine:blacktip_reef/back_fin"},{"predicate":{"custom_model_data":65},"model":"modelengine:blacktip_reef/left_fin"},{"predicate":{"custom_model_data":66},"model":"modelengine:blacktip_reef/right_fin"},{"predicate":{"custom_model_data":67},"model":"modelengine:bs_vm_armadillo/bs_vm_armadillo"},{"predicate":{"custom_model_data":68},"model":"modelengine:bs_vm_armadillo/right_back"},{"predicate":{"custom_model_data":69},"model":"modelengine:bs_vm_armadillo/left_back"},{"predicate":{"custom_model_data":70},"model":"modelengine:bs_vm_armadillo/tail"},{"predicate":{"custom_model_data":71},"model":"modelengine:bs_vm_armadillo/right_front"},{"predicate":{"custom_model_data":72},"model":"modelengine:bs_vm_armadillo/left_front"},{"predicate":{"custom_model_data":73},"model":"modelengine:bs_vm_armadillo/torso"},{"predicate":{"custom_model_data":74},"model":"modelengine:bs_vm_armadillo/head"},{"predicate":{"custom_model_data":75},"model":"modelengine:bs_vm_crab/bs_vm_crab"},{"predicate":{"custom_model_data":76},"model":"modelengine:bs_vm_crab/right_leg"},{"predicate":{"custom_model_data":77},"model":"modelengine:bs_vm_crab/left_leg"},{"predicate":{"custom_model_data":78},"model":"modelengine:bs_vm_crab/top"},{"predicate":{"custom_model_data":79},"model":"modelengine:bs_vm_crab/big_claw"},{"predicate":{"custom_model_data":80},"model":"modelengine:bs_vm_crab/little_claw"},{"predicate":{"custom_model_data":81},"model":"modelengine:bs_vm_penguin/bs_vm_penguin"},{"predicate":{"custom_model_data":82},"model":"modelengine:bs_vm_penguin/left_wing"},{"predicate":{"custom_model_data":83},"model":"modelengine:bs_vm_penguin/head"},{"predicate":{"custom_model_data":84},"model":"modelengine:bs_vm_penguin/right_wing"},{"predicate":{"custom_model_data":85},"model":"modelengine:bs_vm_penguin/right_foot"},{"predicate":{"custom_model_data":86},"model":"modelengine:bs_vm_penguin/left_foot"},{"predicate":{"custom_model_data":87},"model":"modelengine:channa/body"},{"predicate":{"custom_model_data":88},"model":"modelengine:channa/left_fin"},{"predicate":{"custom_model_data":89},"model":"modelengine:channa/right_fin"},{"predicate":{"custom_model_data":90},"model":"modelengine:channa/tail"},{"predicate":{"custom_model_data":91},"model":"modelengine:channa/backfin1"},{"predicate":{"custom_model_data":92},"model":"modelengine:channa/backfin2"},{"predicate":{"custom_model_data":93},"model":"modelengine:channa/tail_fin"},{"predicate":{"custom_model_data":94},"model":"modelengine:clam/body"},{"predicate":{"custom_model_data":95},"model":"modelengine:clam/pearl"},{"predicate":{"custom_model_data":96},"model":"modelengine:clam/bone"},{"predicate":{"custom_model_data":97},"model":"modelengine:crab/body"},{"predicate":{"custom_model_data":98},"model":"modelengine:crab/leg1"},{"predicate":{"custom_model_data":99},"model":"modelengine:crab/leg2"},{"predicate":{"custom_model_data":100},"model":"modelengine:crab/claw"},{"predicate":{"custom_model_data":101},"model":"modelengine:crab/bone"},{"predicate":{"custom_model_data":102},"model":"modelengine:crab/claw2"},{"predicate":{"custom_model_data":103},"model":"modelengine:crab/bone2"},{"predicate":{"custom_model_data":104},"model":"modelengine:greyreef/body"},{"predicate":{"custom_model_data":105},"model":"modelengine:greyreef/tail"},{"predicate":{"custom_model_data":106},"model":"modelengine:greyreef/tail_fin"},{"predicate":{"custom_model_data":107},"model":"modelengine:greyreef/back_fin"},{"predicate":{"custom_model_data":108},"model":"modelengine:greyreef/left_fin"},{"predicate":{"custom_model_data":109},"model":"modelengine:greyreef/right_fin"},{"predicate":{"custom_model_data":110},"model":"modelengine:iguana/body"},{"predicate":{"custom_model_data":111},"model":"modelengine:iguana/arm1"},{"predicate":{"custom_model_data":112},"model":"modelengine:iguana/arm2"},{"predicate":{"custom_model_data":113},"model":"modelengine:iguana/tail"},{"predicate":{"custom_model_data":114},"model":"modelengine:iguana/bone"},{"predicate":{"custom_model_data":115},"model":"modelengine:iguana/head"},{"predicate":{"custom_model_data":116},"model":"modelengine:iguana/leg1"},{"predicate":{"custom_model_data":117},"model":"modelengine:iguana/leg2"},{"predicate":{"custom_model_data":118},"model":"modelengine:komodo/body"},{"predicate":{"custom_model_data":119},"model":"modelengine:komodo/tail"},{"predicate":{"custom_model_data":120},"model":"modelengine:komodo/bone"},{"predicate":{"custom_model_data":121},"model":"modelengine:komodo/neck"},{"predicate":{"custom_model_data":122},"model":"modelengine:komodo/head"},{"predicate":{"custom_model_data":123},"model":"modelengine:komodo/lick"},{"predicate":{"custom_model_data":124},"model":"modelengine:komodo/leg1"},{"predicate":{"custom_model_data":125},"model":"modelengine:komodo/leg2"},{"predicate":{"custom_model_data":126},"model":"modelengine:komodo/leg3"},{"predicate":{"custom_model_data":127},"model":"modelengine:komodo/leg4"},{"predicate":{"custom_model_data":128},"model":"modelengine:monkey/body"},{"predicate":{"custom_model_data":129},"model":"modelengine:monkey/tail"},{"predicate":{"custom_model_data":130},"model":"modelengine:monkey/arm1"},{"predicate":{"custom_model_data":131},"model":"modelengine:monkey/arm2"},{"predicate":{"custom_model_data":132},"model":"modelengine:monkey/head"},{"predicate":{"custom_model_data":133},"model":"modelengine:monkey/leg1"},{"predicate":{"custom_model_data":134},"model":"modelengine:monkey/leg2"},{"predicate":{"custom_model_data":135},"model":"modelengine:nocsy_otter_v2/body"},{"predicate":{"custom_model_data":136},"model":"modelengine:nocsy_otter_v2/tail"},{"predicate":{"custom_model_data":137},"model":"modelengine:nocsy_otter_v2/head"},{"predicate":{"custom_model_data":138},"model":"modelengine:nocsy_otter_v2/front_leg_left"},{"predicate":{"custom_model_data":139},"model":"modelengine:nocsy_otter_v2/front_leg_right"},{"predicate":{"custom_model_data":140},"model":"modelengine:nocsy_otter_v2/back_leg_left"},{"predicate":{"custom_model_data":141},"model":"modelengine:nocsy_otter_v2/back_leg_right"},{"predicate":{"custom_model_data":142},"model":"modelengine:octopus/body"},{"predicate":{"custom_model_data":143},"model":"modelengine:octopus/arm1"},{"predicate":{"custom_model_data":144},"model":"modelengine:octopus/arm2"},{"predicate":{"custom_model_data":145},"model":"modelengine:octopus/arm3"},{"predicate":{"custom_model_data":146},"model":"modelengine:octopus/arm5"},{"predicate":{"custom_model_data":147},"model":"modelengine:octopus/arm7"},{"predicate":{"custom_model_data":148},"model":"modelengine:octopus/arm4"},{"predicate":{"custom_model_data":149},"model":"modelengine:octopus/arm6"},{"predicate":{"custom_model_data":150},"model":"modelengine:octopus/arm8"},{"predicate":{"custom_model_data":151},"model":"modelengine:orangutan/body"},{"predicate":{"custom_model_data":152},"model":"modelengine:orangutan/head"},{"predicate":{"custom_model_data":153},"model":"modelengine:orangutan/arm1"},{"predicate":{"custom_model_data":154},"model":"modelengine:orangutan/arm2"},{"predicate":{"custom_model_data":155},"model":"modelengine:orangutan/leg1"},{"predicate":{"custom_model_data":156},"model":"modelengine:orangutan/leg2"},{"predicate":{"custom_model_data":157},"model":"modelengine:ostrich/body"},{"predicate":{"custom_model_data":158},"model":"modelengine:ostrich/neck"},{"predicate":{"custom_model_data":159},"model":"modelengine:ostrich/head"},{"predicate":{"custom_model_data":160},"model":"modelengine:ostrich/leg1"},{"predicate":{"custom_model_data":161},"model":"modelengine:ostrich/leg2"},{"predicate":{"custom_model_data":162},"model":"modelengine:ostrich/tail"},{"predicate":{"custom_model_data":163},"model":"modelengine:ostrich/wing1"},{"predicate":{"custom_model_data":164},"model":"modelengine:ostrich/wing2"},{"predicate":{"custom_model_data":165},"model":"modelengine:seahorse/body"},{"predicate":{"custom_model_data":166},"model":"modelengine:seahorse/right_fin"},{"predicate":{"custom_model_data":167},"model":"modelengine:seahorse/left_fin"},{"predicate":{"custom_model_data":168},"model":"modelengine:seahorse/tail"},{"predicate":{"custom_model_data":169},"model":"modelengine:seahorse/head"},{"predicate":{"custom_model_data":170},"model":"modelengine:sealion/body"},{"predicate":{"custom_model_data":171},"model":"modelengine:sealion/tail"},{"predicate":{"custom_model_data":172},"model":"modelengine:sealion/leg2"},{"predicate":{"custom_model_data":173},"model":"modelengine:sealion/leg1"},{"predicate":{"custom_model_data":174},"model":"modelengine:sealion/head"},{"predicate":{"custom_model_data":175},"model":"modelengine:sealion/arm1"},{"predicate":{"custom_model_data":176},"model":"modelengine:sealion/arm2"},{"predicate":{"custom_model_data":177},"model":"modelengine:tortoise/body"},{"predicate":{"custom_model_data":178},"model":"modelengine:tortoise/head"},{"predicate":{"custom_model_data":179},"model":"modelengine:tortoise/leg1"},{"predicate":{"custom_model_data":180},"model":"modelengine:tortoise/leg2"},{"predicate":{"custom_model_data":181},"model":"modelengine:tortoise/leg3"},{"predicate":{"custom_model_data":182},"model":"modelengine:tortoise/leg4"},{"predicate":{"custom_model_data":1000},"model":"modelengine:nm_cassowary/nm_cassowary"},{"predicate":{"custom_model_data":1001},"model":"modelengine:nm_cassowary/rightleg"},{"predicate":{"custom_model_data":1002},"model":"modelengine:nm_cassowary/leftleg"},{"predicate":{"custom_model_data":1003},"model":"modelengine:nm_cassowary/neck"},{"predicate":{"custom_model_data":1004},"model":"modelengine:nm_cassowary/head"},{"predicate":{"custom_model_data":1005},"model":"modelengine:nm_cassowary_baby/nm_cassowary_baby"},{"predicate":{"custom_model_data":1006},"model":"modelengine:nm_cassowary_baby/rightleg"},{"predicate":{"custom_model_data":1007},"model":"modelengine:nm_cassowary_baby/leftleg"},{"predicate":{"custom_model_data":1008},"model":"modelengine:nm_cassowary_baby/neck"},{"predicate":{"custom_model_data":1009},"model":"modelengine:nm_cassowary_baby/head"}]}