{"elements":[{"from":[7.428571,8.0,2.8571424],"to":[8.571428,8.571428,8.0],"rotation":{"angle":0.0,"axis":"y","origin":[6.857143,8.0,10.857143]},"faces":{"east":{"uv":[3.25,6.75,5.5,7.0],"rotation":0,"texture":"#0","tintindex":0},"south":{"uv":[8.25,6.75,8.75,7.0],"rotation":0,"texture":"#0","tintindex":0},"north":{"uv":[5.5,6.75,6.0,7.0],"rotation":0,"texture":"#0","tintindex":0},"west":{"uv":[6.0,6.75,8.25,7.0],"rotation":0,"texture":"#0","tintindex":0},"up":{"uv":[6.0,6.75,5.5,4.5],"rotation":0,"texture":"#0","tintindex":0},"down":{"uv":[6.5,4.5,6.0,6.75],"rotation":0,"texture":"#0","tintindex":0}}}],"textures":{"0":"modelengine:entity/blue"},"display":{"head":{"translation":[0.0,-6.4,0.0],"scale":[4.0,4.0,4.0]}}}