{"elements":[{"from":[7.428571,8.0,2.8571424],"to":[8.571428,8.571428,8.0],"rotation":{"angle":0.0,"axis":"y","origin":[9.142858,8.0,10.857143]},"faces":{"east":{"uv":[0.0,6.5,2.25,6.75],"rotation":0,"texture":"#0","tintindex":0},"south":{"uv":[5.0,6.5,5.5,6.75],"rotation":0,"texture":"#0","tintindex":0},"north":{"uv":[2.25,6.5,2.75,6.75],"rotation":0,"texture":"#0","tintindex":0},"west":{"uv":[2.75,6.5,5.0,6.75],"rotation":0,"texture":"#0","tintindex":0},"up":{"uv":[2.75,6.5,2.25,4.25],"rotation":0,"texture":"#0","tintindex":0},"down":{"uv":[3.25,4.25,2.75,6.5],"rotation":0,"texture":"#0","tintindex":0}}}],"textures":{"0":"modelengine:entity/blue"},"display":{"head":{"translation":[0.0,-6.4,0.0],"scale":[4.0,4.0,4.0]}}}