{"elements":[{"from":[2.8571424,8.0,7.428571],"to":[8.0,8.571428,8.571428],"rotation":{"angle":0.0,"axis":"y","origin":[9.714286,8.0,9.142858]},"faces":{"east":{"uv":[6.0,2.0,6.5,2.25],"rotation":0,"texture":"#0","tintindex":0},"south":{"uv":[9.25,2.0,11.5,2.25],"rotation":0,"texture":"#0","tintindex":0},"north":{"uv":[6.5,2.0,8.75,2.25],"rotation":0,"texture":"#0","tintindex":0},"west":{"uv":[8.75,2.0,9.25,2.25],"rotation":0,"texture":"#0","tintindex":0},"up":{"uv":[8.75,2.0,6.5,1.5],"rotation":0,"texture":"#0","tintindex":0},"down":{"uv":[11.0,1.5,8.75,2.0],"rotation":0,"texture":"#0","tintindex":0}}}],"textures":{"0":"modelengine:entity/blue"},"display":{"head":{"translation":[0.0,-6.4,0.0],"scale":[4.0,4.0,4.0]}}}