{"elements":[{"from":[8.0,8.0,7.428571],"to":[13.142858,8.571428,8.571428],"rotation":{"angle":0.0,"axis":"y","origin":[6.285714,8.0,8.0]},"faces":{"east":{"uv":[6.5,5.5,7.0,5.75],"rotation":0,"texture":"#0","tintindex":0},"south":{"uv":[9.75,5.5,12.0,5.75],"rotation":0,"texture":"#0","tintindex":0},"north":{"uv":[7.0,5.5,9.25,5.75],"rotation":0,"texture":"#0","tintindex":0},"west":{"uv":[9.25,5.5,9.75,5.75],"rotation":0,"texture":"#0","tintindex":0},"up":{"uv":[9.25,5.5,7.0,5.0],"rotation":0,"texture":"#0","tintindex":0},"down":{"uv":[11.5,5.0,9.25,5.5],"rotation":0,"texture":"#0","tintindex":0}}}],"textures":{"0":"modelengine:entity/blue"},"display":{"head":{"translation":[0.0,-6.4,0.0],"scale":[4.0,4.0,4.0]}}}