{"elements":[{"from":[6.285714,6.8620343,5.639697],"to":[9.714286,9.719177,12.4968405],"rotation":{"angle":0.0,"axis":"y","origin":[8.0,6.857143,8.571428]},"faces":{"east":{"uv":[0.0,3.0,3.0,4.25],"rotation":0,"texture":"#0","tintindex":0},"south":{"uv":[7.5,3.0,9.0,4.25],"rotation":0,"texture":"#0","tintindex":0},"north":{"uv":[3.0,3.0,4.5,4.25],"rotation":0,"texture":"#0","tintindex":0},"west":{"uv":[4.5,3.0,7.5,4.25],"rotation":0,"texture":"#0","tintindex":0},"up":{"uv":[4.5,3.0,3.0,0.0],"rotation":0,"texture":"#0","tintindex":0},"down":{"uv":[6.0,0.0,4.5,3.0],"rotation":0,"texture":"#0","tintindex":0}}}],"textures":{"0":"modelengine:entity/blue"},"display":{"head":{"translation":[0.0,-6.4,0.0],"scale":[4.0,4.0,4.0]}}}