{"elements":[{"from":[7.142857,7.953205,5.724558],"to":[8.857143,9.667491,8.010272],"rotation":{"angle":0.0,"axis":"y","origin":[8.0,10.33336,6.1516395]},"faces":{"east":{"uv":[5.5,4.0,7.5,5.5],"rotation":0,"texture":"#0","tintindex":0},"south":{"uv":[3.0,7.0,4.5,8.5],"rotation":0,"texture":"#0","tintindex":0},"north":{"uv":[7.0,2.0,8.5,3.5],"rotation":0,"texture":"#0","tintindex":0},"west":{"uv":[5.5,5.5,7.5,7.0],"rotation":0,"texture":"#0","tintindex":0},"up":{"uv":[1.5,8.0,0.0,6.0],"rotation":0,"texture":"#0","tintindex":0},"down":{"uv":[3.0,6.0,1.5,8.0],"rotation":0,"texture":"#0","tintindex":0}}},{"from":[7.428571,8.524633,4.581701],"to":[8.571428,9.096063,5.724558],"rotation":{"angle":0.0,"axis":"y","origin":[8.0,8.005453,4.260868]},"faces":{"east":{"uv":[4.5,10.0,5.5,10.5],"rotation":0,"texture":"#0","tintindex":0},"south":{"uv":[10.0,5.0,11.0,5.5],"rotation":0,"texture":"#0","tintindex":0},"north":{"uv":[3.5,10.0,4.5,10.5],"rotation":0,"texture":"#0","tintindex":0},"west":{"uv":[10.0,5.5,11.0,6.0],"rotation":0,"texture":"#0","tintindex":0},"up":{"uv":[7.0,10.5,6.0,9.5],"rotation":0,"texture":"#0","tintindex":0},"down":{"uv":[10.5,6.0,9.5,7.0],"rotation":0,"texture":"#0","tintindex":0}}},{"from":[7.714286,8.526169,6.2361407],"to":[8.285714,9.55474,6.807569],"rotation":{"angle":22.5,"axis":"x","origin":[9.714286,11.435709,6.3709106]},"faces":{"east":{"uv":[7.0,10.0,7.5,11.0],"rotation":0,"texture":"#0","tintindex":0},"south":{"uv":[10.0,7.0,10.5,8.0],"rotation":0,"texture":"#0","tintindex":0},"north":{"uv":[5.5,10.0,6.0,11.0],"rotation":0,"texture":"#0","tintindex":0},"west":{"uv":[7.5,10.0,8.0,11.0],"rotation":0,"texture":"#0","tintindex":0},"up":{"uv":[9.5,6.5,9.0,6.0],"rotation":0,"texture":"#0","tintindex":0},"down":{"uv":[10.5,8.0,10.0,8.5],"rotation":0,"texture":"#0","tintindex":0}}}],"textures":{"0":"modelengine:entity/nm_cassowary_baby_texture"},"display":{"head":{"translation":[0.0,-6.4,0.0],"scale":[4.0,4.0,4.0]}}}