{"elements":[{"from":[7.4428573,8.98579,6.6467466],"to":[8.557143,10.128647,7.789604],"rotation":{"angle":22.5,"axis":"x","origin":[8.0,9.144337,7.219753]},"faces":{"east":{"uv":[8.5,9.0,9.5,10.0],"rotation":0,"texture":"#0","tintindex":0},"south":{"uv":[9.5,0.0,10.5,1.0],"rotation":0,"texture":"#0","tintindex":0},"north":{"uv":[9.0,5.0,10.0,6.0],"rotation":0,"texture":"#0","tintindex":0},"west":{"uv":[1.0,9.5,2.0,10.5],"rotation":0,"texture":"#0","tintindex":0},"up":{"uv":[3.0,10.5,2.0,9.5],"rotation":0,"texture":"#0","tintindex":0},"down":{"uv":[10.5,2.0,9.5,3.0],"rotation":0,"texture":"#0","tintindex":0}}},{"from":[7.4428573,7.541454,5.731929],"to":[8.557143,8.684311,8.017643],"rotation":{"angle":22.5,"axis":"x","origin":[8.0,6.694046,7.520163]},"faces":{"east":{"uv":[6.5,7.0,8.5,8.0],"rotation":0,"texture":"#0","tintindex":0},"south":{"uv":[9.5,4.0,10.5,5.0],"rotation":0,"texture":"#0","tintindex":0},"north":{"uv":[9.5,3.0,10.5,4.0],"rotation":0,"texture":"#0","tintindex":0},"west":{"uv":[7.5,0.0,9.5,1.0],"rotation":0,"texture":"#0","tintindex":0},"up":{"uv":[8.5,5.5,7.5,3.5],"rotation":0,"texture":"#0","tintindex":0},"down":{"uv":[1.0,8.0,0.0,10.0],"rotation":0,"texture":"#0","tintindex":0}}}],"textures":{"0":"modelengine:entity/nm_cassowary_baby_texture"},"display":{"head":{"translation":[0.0,-6.4,0.0],"scale":[4.0,4.0,4.0]}}}