{"elements":[{"from":[6.857143,4.5167828,6.0419097],"to":[9.142858,6.8024974,10.04191],"rotation":{"angle":0.0,"axis":"y","origin":[8.0,1.3219562,7.7585597]},"faces":{"east":{"uv":[0.0,0.0,3.5,2.0],"rotation":0,"texture":"#0","tintindex":0},"south":{"uv":[5.5,0.0,7.5,2.0],"rotation":0,"texture":"#0","tintindex":0},"north":{"uv":[0.0,4.0,2.0,6.0],"rotation":0,"texture":"#0","tintindex":0},"west":{"uv":[0.0,2.0,3.5,4.0],"rotation":0,"texture":"#0","tintindex":0},"up":{"uv":[5.5,3.5,3.5,0.0],"rotation":0,"texture":"#0","tintindex":0},"down":{"uv":[5.5,3.5,3.5,7.0],"rotation":0,"texture":"#0","tintindex":0}}},{"from":[7.142857,3.9536104,10.220655],"to":[8.857143,6.0678964,11.092084],"rotation":{"angle":-22.5,"axis":"x","origin":[8.0,3.7954059,8.720454]},"faces":{"east":{"uv":[4.5,7.0,5.5,9.0],"rotation":0,"texture":"#0","tintindex":0},"south":{"uv":[5.5,2.0,7.0,4.0],"rotation":0,"texture":"#0","tintindex":0},"north":{"uv":[2.0,4.0,3.5,6.0],"rotation":0,"texture":"#0","tintindex":0},"west":{"uv":[5.5,7.0,6.5,9.0],"rotation":0,"texture":"#0","tintindex":0},"up":{"uv":[9.0,2.0,7.5,1.0],"rotation":0,"texture":"#0","tintindex":0},"down":{"uv":[9.0,5.5,7.5,6.5],"rotation":0,"texture":"#0","tintindex":0}}}],"textures":{"0":"modelengine:entity/nm_cassowary_baby_texture"},"display":{"head":{"translation":[0.0,-6.4,0.0],"scale":[4.0,4.0,4.0]}}}