{"elements":[{"from":[3.4285712,6.857143,2.8571424],"to":[12.571428,12.571428,13.142858],"rotation":{"angle":0.0,"axis":"y","origin":[8.0,2.2857141,6.857143]},"faces":{"east":{"uv":[0.0,3.6000001,3.6000001,5.6],"rotation":0,"texture":"#0","tintindex":0},"south":{"uv":[10.400001,3.6000001,13.6,5.6],"rotation":0,"texture":"#0","tintindex":0},"north":{"uv":[3.6000001,3.6000001,6.8,5.6],"rotation":0,"texture":"#0","tintindex":0},"west":{"uv":[6.8,3.6000001,10.400001,5.6],"rotation":0,"texture":"#0","tintindex":0},"up":{"uv":[6.8,3.6000001,3.6000001,0.0],"rotation":0,"texture":"#0","tintindex":0},"down":{"uv":[10.0,0.0,6.8,3.6000001],"rotation":0,"texture":"#0","tintindex":0}}},{"from":[4.5714283,5.714286,3.4285712],"to":[11.428572,8.0,12.571428],"rotation":{"angle":0.0,"axis":"y","origin":[8.0,2.2857141,6.857143]},"faces":{"east":{"uv":[0.0,8.400001,3.2,9.2],"rotation":0,"texture":"#0","tintindex":0},"south":{"uv":[8.8,8.400001,11.2,9.2],"rotation":0,"texture":"#0","tintindex":0},"north":{"uv":[3.2,8.400001,5.6,9.2],"rotation":0,"texture":"#0","tintindex":0},"west":{"uv":[5.6,8.400001,8.8,9.2],"rotation":0,"texture":"#0","tintindex":0},"up":{"uv":[5.6,8.400001,3.2,5.2000003],"rotation":0,"texture":"#0","tintindex":0},"down":{"uv":[8.0,5.2000003,5.6,8.400001],"rotation":0,"texture":"#0","tintindex":0}}}],"textures":{"0":"modelengine:entity/tortoise"},"display":{"head":{"translation":[0.0,-6.4,0.0],"scale":[4.0,4.0,4.0]}}}