{"elements":[{"from":[6.285714,6.857143,3.4285712],"to":[9.714286,9.714286,8.0],"rotation":{"angle":0.0,"axis":"y","origin":[8.0,3.4285712,11.428572]},"faces":{"east":{"uv":[8.0,7.2000003,9.6,8.2],"rotation":0,"texture":"#0","tintindex":0},"south":{"uv":[12.400001,7.2000003,13.6,8.2],"rotation":0,"texture":"#0","tintindex":0},"north":{"uv":[9.6,7.2000003,10.8,8.2],"rotation":0,"texture":"#0","tintindex":0},"west":{"uv":[10.8,7.2000003,12.400001,8.2],"rotation":0,"texture":"#0","tintindex":0},"up":{"uv":[10.8,7.2000003,9.6,5.6],"rotation":0,"texture":"#0","tintindex":0},"down":{"uv":[12.0,5.6,10.8,7.2000003],"rotation":0,"texture":"#0","tintindex":0}}}],"textures":{"0":"modelengine:entity/tortoise"},"display":{"head":{"translation":[0.0,-6.4,0.0],"scale":[4.0,4.0,4.0]}}}