{"elements":[{"from":[6.857143,3.4285712,6.285714],"to":[9.714286,8.0,9.714286],"rotation":{"angle":0.0,"axis":"y","origin":[11.428572,3.4285712,10.857143]},"faces":{"east":{"uv":[10.0,1.2,11.2,2.8],"rotation":0,"texture":"#0","tintindex":0},"south":{"uv":[13.400001,1.2,14.400001,2.8],"rotation":0,"texture":"#0","tintindex":0},"north":{"uv":[11.2,1.2,12.2,2.8],"rotation":0,"texture":"#0","tintindex":0},"west":{"uv":[12.2,1.2,13.400001,2.8],"rotation":0,"texture":"#0","tintindex":0},"up":{"uv":[12.2,1.2,11.2,0.0],"rotation":0,"texture":"#0","tintindex":0},"down":{"uv":[13.2,0.0,12.2,1.2],"rotation":0,"texture":"#0","tintindex":0}}}],"textures":{"0":"modelengine:entity/tortoise"},"display":{"head":{"translation":[0.0,-6.4,0.0],"scale":[4.0,4.0,4.0]}}}