{"elements":[{"from":[6.857143,3.4285712,6.285714],"to":[9.714286,8.0,9.714286],"rotation":{"angle":0.0,"axis":"y","origin":[5.142857,3.4285712,10.857143]},"faces":{"east":{"uv":[8.8,10.400001,10.0,12.0],"rotation":0,"texture":"#0","tintindex":0},"south":{"uv":[12.2,10.400001,13.2,12.0],"rotation":0,"texture":"#0","tintindex":0},"north":{"uv":[10.0,10.400001,11.0,12.0],"rotation":0,"texture":"#0","tintindex":0},"west":{"uv":[11.0,10.400001,12.2,12.0],"rotation":0,"texture":"#0","tintindex":0},"up":{"uv":[11.0,10.400001,10.0,9.2],"rotation":0,"texture":"#0","tintindex":0},"down":{"uv":[12.0,9.2,11.0,10.400001],"rotation":0,"texture":"#0","tintindex":0}}}],"textures":{"0":"modelengine:entity/tortoise"},"display":{"head":{"translation":[0.0,-6.4,0.0],"scale":[4.0,4.0,4.0]}}}