{"elements":[{"from":[6.857143,3.4285712,6.285714],"to":[9.714286,8.0,9.714286],"rotation":{"angle":0.0,"axis":"y","origin":[5.142857,3.4285712,2.8571424]},"faces":{"east":{"uv":[4.4,10.400001,5.6,12.0],"rotation":0,"texture":"#0","tintindex":0},"south":{"uv":[7.8,10.400001,8.8,12.0],"rotation":0,"texture":"#0","tintindex":0},"north":{"uv":[5.6,10.400001,6.6,12.0],"rotation":0,"texture":"#0","tintindex":0},"west":{"uv":[6.6,10.400001,7.8,12.0],"rotation":0,"texture":"#0","tintindex":0},"up":{"uv":[6.6,10.400001,5.6,9.2],"rotation":0,"texture":"#0","tintindex":0},"down":{"uv":[7.6,9.2,6.6,10.400001],"rotation":0,"texture":"#0","tintindex":0}}}],"textures":{"0":"modelengine:entity/tortoise"},"display":{"head":{"translation":[0.0,-6.4,0.0],"scale":[4.0,4.0,4.0]}}}