{"elements":[{"from":[6.857143,3.4285712,6.285714],"to":[9.714286,8.0,9.714286],"rotation":{"angle":0.0,"axis":"y","origin":[11.428572,3.4285712,2.8571424]},"faces":{"east":{"uv":[0.0,10.400001,1.2,12.0],"rotation":0,"texture":"#0","tintindex":0},"south":{"uv":[3.4,10.400001,4.4,12.0],"rotation":0,"texture":"#0","tintindex":0},"north":{"uv":[1.2,10.400001,2.2,12.0],"rotation":0,"texture":"#0","tintindex":0},"west":{"uv":[2.2,10.400001,3.4,12.0],"rotation":0,"texture":"#0","tintindex":0},"up":{"uv":[2.2,10.400001,1.2,9.2],"rotation":0,"texture":"#0","tintindex":0},"down":{"uv":[3.2,9.2,2.2,10.400001],"rotation":0,"texture":"#0","tintindex":0}}}],"textures":{"0":"modelengine:entity/tortoise"},"display":{"head":{"translation":[0.0,-6.4,0.0],"scale":[4.0,4.0,4.0]}}}