{"elements":[{"from":[6.857143,6.285714,5.714286],"to":[9.142858,9.142858,10.285714],"rotation":{"angle":0.0,"axis":"y","origin":[8.0,4.5714283,8.0]},"faces":{"east":{"uv":[0.0,5.25,2.0,6.5],"rotation":0,"texture":"#0","tintindex":0},"south":{"uv":[5.0,5.25,6.0,6.5],"rotation":0,"texture":"#0","tintindex":0},"north":{"uv":[2.0,5.25,3.0,6.5],"rotation":0,"texture":"#0","tintindex":0},"west":{"uv":[3.0,5.25,5.0,6.5],"rotation":0,"texture":"#0","tintindex":0},"up":{"uv":[3.0,5.25,2.0,3.25],"rotation":0,"texture":"#0","tintindex":0},"down":{"uv":[4.0,3.25,3.0,5.25],"rotation":0,"texture":"#0","tintindex":0}}}],"textures":{"0":"modelengine:entity/archaeopteryx"},"display":{"head":{"translation":[0.0,-6.4,0.0],"scale":[4.0,4.0,4.0]}}}