{"elements":[{"from":[7.142857,7.5714283,7.428571],"to":[8.857143,11.0,9.142858],"rotation":{"angle":0.0,"axis":"y","origin":[8.0,4.5714283,10.285714]},"faces":{"east":{"uv":[4.0,0.75,4.75,2.25],"rotation":0,"texture":"#0","tintindex":0},"south":{"uv":[6.25,0.75,7.0,2.25],"rotation":0,"texture":"#0","tintindex":0},"north":{"uv":[4.75,0.75,5.5,2.25],"rotation":0,"texture":"#0","tintindex":0},"west":{"uv":[5.5,0.75,6.25,2.25],"rotation":0,"texture":"#0","tintindex":0},"up":{"uv":[5.5,0.75,4.75,0.0],"rotation":0,"texture":"#0","tintindex":0},"down":{"uv":[6.25,0.0,5.5,0.75],"rotation":0,"texture":"#0","tintindex":0}}},{"from":[7.714286,9.857143,6.285714],"to":[8.285714,11.0,7.428571],"rotation":{"angle":0.0,"axis":"y","origin":[8.0,4.5714283,10.285714]},"faces":{"east":{"uv":[0.0,3.75,0.5,4.25],"rotation":0,"texture":"#0","tintindex":0},"south":{"uv":[1.25,3.75,1.5,4.25],"rotation":0,"texture":"#0","tintindex":0},"north":{"uv":[0.5,3.75,0.75,4.25],"rotation":0,"texture":"#0","tintindex":0},"west":{"uv":[0.75,3.75,1.25,4.25],"rotation":0,"texture":"#0","tintindex":0},"up":{"uv":[0.75,3.75,0.5,3.25],"rotation":0,"texture":"#0","tintindex":0},"down":{"uv":[1.0,3.25,0.75,3.75],"rotation":0,"texture":"#0","tintindex":0}}}],"textures":{"0":"modelengine:entity/archaeopteryx"},"display":{"head":{"translation":[0.0,-6.4,0.0],"scale":[4.0,4.0,4.0]}}}