{"elements":[{"from":[6.857143,6.285714,6.857143],"to":[8.0,8.0,8.0],"rotation":{"angle":0.0,"axis":"y","origin":[8.571428,6.285714,7.428571]},"faces":{"east":{"uv":[0.0,1.75,0.5,2.5],"rotation":0,"texture":"#0","tintindex":0},"south":{"uv":[1.5,1.75,2.0,2.5],"rotation":0,"texture":"#0","tintindex":0},"north":{"uv":[0.5,1.75,1.0,2.5],"rotation":0,"texture":"#0","tintindex":0},"west":{"uv":[1.0,1.75,1.5,2.5],"rotation":0,"texture":"#0","tintindex":0},"up":{"uv":[1.0,1.75,0.5,1.25],"rotation":0,"texture":"#0","tintindex":0},"down":{"uv":[1.5,1.25,1.0,1.75],"rotation":0,"texture":"#0","tintindex":0}}},{"from":[7.428571,6.285714,8.0],"to":[7.428571,8.0,9.714286],"rotation":{"angle":0.0,"axis":"y","origin":[8.571428,6.285714,7.428571]},"faces":{"east":{"uv":[3.25,15.25,4.0,16.0],"rotation":0,"texture":"#0","tintindex":0},"south":{"uv":[4.75,15.25,4.75,16.0],"rotation":0,"texture":"#0","tintindex":0},"north":{"uv":[4.0,15.25,4.0,16.0],"rotation":0,"texture":"#0","tintindex":0},"west":{"uv":[4.0,15.25,4.75,16.0],"rotation":0,"texture":"#0","tintindex":0},"up":{"uv":[4.0,15.25,4.0,14.5],"rotation":0,"texture":"#0","tintindex":0},"down":{"uv":[4.0,14.5,4.0,15.25],"rotation":0,"texture":"#0","tintindex":0}}}],"textures":{"0":"modelengine:entity/archaeopteryx"},"display":{"head":{"translation":[0.0,-6.4,0.0],"scale":[4.0,4.0,4.0]}}}