{"elements":[{"from":[8.0,6.285714,6.857143],"to":[9.142858,8.0,8.0],"rotation":{"angle":0.0,"axis":"y","origin":[7.428571,6.285714,7.428571]},"faces":{"east":{"uv":[0.0,0.5,0.5,1.25],"rotation":0,"texture":"#0","tintindex":0},"south":{"uv":[1.5,0.5,2.0,1.25],"rotation":0,"texture":"#0","tintindex":0},"north":{"uv":[0.5,0.5,1.0,1.25],"rotation":0,"texture":"#0","tintindex":0},"west":{"uv":[1.0,0.5,1.5,1.25],"rotation":0,"texture":"#0","tintindex":0},"up":{"uv":[1.0,0.5,0.5,0.0],"rotation":0,"texture":"#0","tintindex":0},"down":{"uv":[1.5,0.0,1.0,0.5],"rotation":0,"texture":"#0","tintindex":0}}},{"from":[8.571428,6.285714,8.0],"to":[8.571428,8.0,9.714286],"rotation":{"angle":0.0,"axis":"y","origin":[7.428571,6.285714,7.428571]},"faces":{"east":{"uv":[0.0,15.25,0.75,16.0],"rotation":0,"texture":"#0","tintindex":0},"south":{"uv":[1.5,15.25,1.5,16.0],"rotation":0,"texture":"#0","tintindex":0},"north":{"uv":[0.75,15.25,0.75,16.0],"rotation":0,"texture":"#0","tintindex":0},"west":{"uv":[0.75,15.25,1.5,16.0],"rotation":0,"texture":"#0","tintindex":0},"up":{"uv":[0.75,15.25,0.75,14.5],"rotation":0,"texture":"#0","tintindex":0},"down":{"uv":[0.75,14.5,0.75,15.25],"rotation":0,"texture":"#0","tintindex":0}}}],"textures":{"0":"modelengine:entity/archaeopteryx"},"display":{"head":{"translation":[0.0,-6.4,0.0],"scale":[4.0,4.0,4.0]}}}