{"elements":[{"from":[7.142857,6.428571,8.0],"to":[8.857143,8.142858,13.714286],"rotation":{"angle":0.0,"axis":"y","origin":[8.0,4.0,5.714286]},"faces":{"east":{"uv":[0.0,2.5,2.5,3.25],"rotation":0,"texture":"#0","tintindex":0},"south":{"uv":[5.75,2.5,6.5,3.25],"rotation":0,"texture":"#0","tintindex":0},"north":{"uv":[2.5,2.5,3.25,3.25],"rotation":0,"texture":"#0","tintindex":0},"west":{"uv":[3.25,2.5,5.75,3.25],"rotation":0,"texture":"#0","tintindex":0},"up":{"uv":[3.25,2.5,2.5,0.0],"rotation":0,"texture":"#0","tintindex":0},"down":{"uv":[4.0,0.0,3.25,2.5],"rotation":0,"texture":"#0","tintindex":0}}},{"from":[6.5714283,7.0,8.0],"to":[9.428572,7.5714283,16.57143],"rotation":{"angle":0.0,"axis":"y","origin":[8.0,4.0,5.714286]},"faces":{"east":{"uv":[6.0,14.75,9.75,15.0],"rotation":0,"texture":"#0","tintindex":0},"south":{"uv":[14.75,14.75,16.0,15.0],"rotation":0,"texture":"#0","tintindex":0},"north":{"uv":[9.75,14.75,11.0,15.0],"rotation":0,"texture":"#0","tintindex":0},"west":{"uv":[11.0,14.75,14.75,15.0],"rotation":0,"texture":"#0","tintindex":0},"up":{"uv":[11.0,14.75,9.75,11.0],"rotation":0,"texture":"#0","tintindex":0},"down":{"uv":[12.25,11.0,11.0,14.75],"rotation":0,"texture":"#0","tintindex":0}}}],"textures":{"0":"modelengine:entity/archaeopteryx"},"display":{"head":{"translation":[0.0,-6.4,0.0],"scale":[4.0,4.0,4.0]}}}