{"elements":[{"from":[8.0,4.0,7.428571],"to":[8.571428,8.571428,9.714286],"rotation":{"angle":0.0,"axis":"y","origin":[6.857143,4.5714283,9.142858]},"faces":{"east":{"uv":[5.5,3.25,6.5,5.25],"rotation":0,"texture":"#0","tintindex":0},"south":{"uv":[7.75,3.25,8.0,5.25],"rotation":0,"texture":"#0","tintindex":0},"north":{"uv":[6.5,3.25,6.75,5.25],"rotation":0,"texture":"#0","tintindex":0},"west":{"uv":[6.75,3.25,7.75,5.25],"rotation":0,"texture":"#0","tintindex":0},"up":{"uv":[6.75,3.25,6.5,2.25],"rotation":0,"texture":"#0","tintindex":0},"down":{"uv":[7.0,2.25,6.75,3.25],"rotation":0,"texture":"#0","tintindex":0}}},{"from":[8.0,4.0,6.857143],"to":[8.571428,6.285714,8.0],"rotation":{"angle":0.0,"axis":"y","origin":[6.857143,4.5714283,9.142858]},"faces":{"east":{"uv":[0.0,9.5,0.5,10.5],"rotation":0,"texture":"#0","tintindex":0},"south":{"uv":[1.25,9.5,1.5,10.5],"rotation":0,"texture":"#0","tintindex":0},"north":{"uv":[0.5,9.5,0.75,10.5],"rotation":0,"texture":"#0","tintindex":0},"west":{"uv":[0.75,9.5,1.25,10.5],"rotation":0,"texture":"#0","tintindex":0},"up":{"uv":[0.75,9.5,0.5,9.0],"rotation":0,"texture":"#0","tintindex":0},"down":{"uv":[1.0,9.0,0.75,9.5],"rotation":0,"texture":"#0","tintindex":0}}}],"textures":{"0":"modelengine:entity/archaeopteryx"},"display":{"head":{"translation":[0.0,-6.4,0.0],"scale":[4.0,4.0,4.0]}}}