{"elements":[{"from":[7.428571,4.0,7.428571],"to":[8.0,8.571428,9.714286],"rotation":{"angle":0.0,"axis":"y","origin":[9.142858,4.5714283,9.142858]},"faces":{"east":{"uv":[5.0,6.5,6.0,8.5],"rotation":0,"texture":"#0","tintindex":0},"south":{"uv":[7.25,6.5,7.5,8.5],"rotation":0,"texture":"#0","tintindex":0},"north":{"uv":[6.0,6.5,6.25,8.5],"rotation":0,"texture":"#0","tintindex":0},"west":{"uv":[6.25,6.5,7.25,8.5],"rotation":0,"texture":"#0","tintindex":0},"up":{"uv":[6.25,6.5,6.0,5.5],"rotation":0,"texture":"#0","tintindex":0},"down":{"uv":[6.5,5.5,6.25,6.5],"rotation":0,"texture":"#0","tintindex":0}}},{"from":[7.428571,4.0,6.857143],"to":[8.0,6.285714,8.0],"rotation":{"angle":0.0,"axis":"y","origin":[9.142858,4.5714283,9.142858]},"faces":{"east":{"uv":[0.0,12.25,0.5,13.25],"rotation":0,"texture":"#0","tintindex":0},"south":{"uv":[1.25,12.25,1.5,13.25],"rotation":0,"texture":"#0","tintindex":0},"north":{"uv":[0.5,12.25,0.75,13.25],"rotation":0,"texture":"#0","tintindex":0},"west":{"uv":[0.75,12.25,1.25,13.25],"rotation":0,"texture":"#0","tintindex":0},"up":{"uv":[0.75,12.25,0.5,11.75],"rotation":0,"texture":"#0","tintindex":0},"down":{"uv":[1.0,11.75,0.75,12.25],"rotation":0,"texture":"#0","tintindex":0}}}],"textures":{"0":"modelengine:entity/archaeopteryx"},"display":{"head":{"translation":[0.0,-6.4,0.0],"scale":[4.0,4.0,4.0]}}}