{"elements":[{"from":[6.857143,8.0,6.857143],"to":[9.142858,12.571428,9.714286],"rotation":{"angle":0.0,"axis":"y","origin":[8.0,4.5714283,8.0]},"faces":{"east":{"uv":[5.5,6.25,6.75,8.25],"rotation":0,"texture":"#0","tintindex":0},"south":{"uv":[9.0,6.25,10.0,8.25],"rotation":0,"texture":"#0","tintindex":0},"north":{"uv":[6.75,6.25,7.75,8.25],"rotation":0,"texture":"#0","tintindex":0},"west":{"uv":[7.75,6.25,9.0,8.25],"rotation":0,"texture":"#0","tintindex":0},"up":{"uv":[7.75,6.25,6.75,5.0],"rotation":0,"texture":"#0","tintindex":0},"down":{"uv":[8.75,5.0,7.75,6.25],"rotation":0,"texture":"#0","tintindex":0}}},{"from":[8.0,8.571428,9.714286],"to":[8.0,12.0,10.857143],"rotation":{"angle":0.0,"axis":"y","origin":[8.0,4.5714283,8.0]},"faces":{"east":{"uv":[0.0,4.75,0.5,6.25],"rotation":0,"texture":"#0","tintindex":0},"south":{"uv":[1.0,4.75,1.0,6.25],"rotation":0,"texture":"#0","tintindex":0},"north":{"uv":[0.5,4.75,0.5,6.25],"rotation":0,"texture":"#0","tintindex":0},"west":{"uv":[0.5,4.75,1.0,6.25],"rotation":0,"texture":"#0","tintindex":0},"up":{"uv":[0.5,4.75,0.5,4.25],"rotation":0,"texture":"#0","tintindex":0},"down":{"uv":[0.5,4.25,0.5,4.75],"rotation":0,"texture":"#0","tintindex":0}}}],"textures":{"0":"modelengine:entity/id_seahorse"},"display":{"head":{"translation":[0.0,-6.4,0.0],"scale":[4.0,4.0,4.0]}}}