{"elements":[{"from":[6.285714,8.0,6.285714],"to":[9.714286,10.857143,10.285714],"rotation":{"angle":0.0,"axis":"y","origin":[8.0,0.0,8.0]},"faces":{"east":{"uv":[0.0,1.75,1.75,3.0],"rotation":0,"texture":"#0","tintindex":0},"south":{"uv":[5.0,1.75,6.5,3.0],"rotation":0,"texture":"#0","tintindex":0},"north":{"uv":[1.75,1.75,3.25,3.0],"rotation":0,"texture":"#0","tintindex":0},"west":{"uv":[3.25,1.75,5.0,3.0],"rotation":0,"texture":"#0","tintindex":0},"up":{"uv":[3.25,1.75,1.75,0.0],"rotation":0,"texture":"#0","tintindex":0},"down":{"uv":[4.75,0.0,3.25,1.75],"rotation":0,"texture":"#0","tintindex":0}}},{"from":[8.0,8.571428,6.857143],"to":[8.0,12.571428,11.428572],"rotation":{"angle":0.0,"axis":"y","origin":[8.0,0.0,8.0]},"faces":{"east":{"uv":[0.0,3.0,2.0,4.75],"rotation":0,"texture":"#0","tintindex":0},"south":{"uv":[4.0,3.0,4.0,4.75],"rotation":0,"texture":"#0","tintindex":0},"north":{"uv":[2.0,3.0,2.0,4.75],"rotation":0,"texture":"#0","tintindex":0},"west":{"uv":[2.0,3.0,4.0,4.75],"rotation":0,"texture":"#0","tintindex":0},"up":{"uv":[2.0,3.0,2.0,1.0],"rotation":0,"texture":"#0","tintindex":0},"down":{"uv":[2.0,1.0,2.0,3.0],"rotation":0,"texture":"#0","tintindex":0}}},{"from":[7.428571,8.0,4.5714283],"to":[8.571428,9.714286,6.285714],"rotation":{"angle":0.0,"axis":"y","origin":[8.0,0.0,8.0]},"faces":{"east":{"uv":[4.75,0.75,5.5,1.5],"rotation":0,"texture":"#0","tintindex":0},"south":{"uv":[6.75,0.75,7.25,1.5],"rotation":0,"texture":"#0","tintindex":0},"north":{"uv":[5.5,0.75,6.0,1.5],"rotation":0,"texture":"#0","tintindex":0},"west":{"uv":[6.0,0.75,6.75,1.5],"rotation":0,"texture":"#0","tintindex":0},"up":{"uv":[6.0,0.75,5.5,0.0],"rotation":0,"texture":"#0","tintindex":0},"down":{"uv":[6.5,0.0,6.0,0.75],"rotation":0,"texture":"#0","tintindex":0}}}],"textures":{"0":"modelengine:entity/id_seahorse"},"display":{"head":{"translation":[0.0,-6.4,0.0],"scale":[4.0,4.0,4.0]}}}