{"elements":[{"from":[6.857143,8.0,7.428571],"to":[8.0,8.0,8.571428],"rotation":{"angle":0.0,"axis":"y","origin":[9.142858,0.5714283,7.428571]},"faces":{"east":{"uv":[0.0,0.5,0.5,0.5],"rotation":0,"texture":"#0","tintindex":0},"south":{"uv":[1.5,0.5,2.0,0.5],"rotation":0,"texture":"#0","tintindex":0},"north":{"uv":[0.5,0.5,1.0,0.5],"rotation":0,"texture":"#0","tintindex":0},"west":{"uv":[1.0,0.5,1.5,0.5],"rotation":0,"texture":"#0","tintindex":0},"up":{"uv":[1.0,0.5,0.5,0.0],"rotation":0,"texture":"#0","tintindex":0},"down":{"uv":[1.5,0.0,1.0,0.5],"rotation":0,"texture":"#0","tintindex":0}}}],"textures":{"0":"modelengine:entity/id_seahorse"},"display":{"head":{"translation":[0.0,-6.4,0.0],"scale":[4.0,4.0,4.0]}}}