{"elements":[{"from":[7.428571,4.5714283,4.5714283],"to":[8.571428,8.0,8.571428],"rotation":{"angle":0.0,"axis":"y","origin":[8.0,4.5714283,6.857143]},"faces":{"east":{"uv":[2.25,4.75,4.0,6.25],"rotation":0,"texture":"#0","tintindex":0},"south":{"uv":[6.25,4.75,6.75,6.25],"rotation":0,"texture":"#0","tintindex":0},"north":{"uv":[4.0,4.75,4.5,6.25],"rotation":0,"texture":"#0","tintindex":0},"west":{"uv":[4.5,4.75,6.25,6.25],"rotation":0,"texture":"#0","tintindex":0},"up":{"uv":[4.5,4.75,4.0,3.0],"rotation":0,"texture":"#0","tintindex":0},"down":{"uv":[5.0,3.0,4.5,4.75],"rotation":0,"texture":"#0","tintindex":0}}}],"textures":{"0":"modelengine:entity/id_seahorse"},"display":{"head":{"translation":[0.0,-6.4,0.0],"scale":[4.0,4.0,4.0]}}}