{"elements":[{"from":[6.857143,4.5714283,6.857143],"to":[8.571428,8.571428,8.571428],"rotation":{"angle":0.0,"axis":"y","origin":[9.714286,4.5714283,8.0]},"faces":{"east":{"uv":[3.0,11.75,3.75,13.5],"rotation":0,"texture":"#0","tintindex":0},"south":{"uv":[5.25,11.75,6.0,13.5],"rotation":0,"texture":"#0","tintindex":0},"north":{"uv":[3.75,11.75,4.5,13.5],"rotation":0,"texture":"#0","tintindex":0},"west":{"uv":[4.5,11.75,5.25,13.5],"rotation":0,"texture":"#0","tintindex":0},"up":{"uv":[4.5,11.75,3.75,11.0],"rotation":0,"texture":"#0","tintindex":0},"down":{"uv":[5.25,11.0,4.5,11.75],"rotation":0,"texture":"#0","tintindex":0}}},{"from":[5.714286,4.5714283,5.142857],"to":[8.571428,4.5714283,8.0],"rotation":{"angle":0.0,"axis":"y","origin":[9.714286,4.5714283,8.0]},"faces":{"east":{"uv":[8.25,1.25,9.5,1.25],"rotation":0,"texture":"#0","tintindex":0},"south":{"uv":[12.0,1.25,13.25,1.25],"rotation":0,"texture":"#0","tintindex":0},"north":{"uv":[9.5,1.25,10.75,1.25],"rotation":0,"texture":"#0","tintindex":0},"west":{"uv":[10.75,1.25,12.0,1.25],"rotation":0,"texture":"#0","tintindex":0},"up":{"uv":[10.75,1.25,9.5,0.0],"rotation":0,"texture":"#0","tintindex":0},"down":{"uv":[12.0,0.0,10.75,1.25],"rotation":0,"texture":"#0","tintindex":0}}}],"textures":{"0":"modelengine:entity/iguana"},"display":{"head":{"translation":[0.0,-6.4,0.0],"scale":[4.0,4.0,4.0]}}}