{"elements":[{"from":[7.428571,4.5714283,5.142857],"to":[10.285714,4.5714283,8.0],"rotation":{"angle":0.0,"axis":"y","origin":[6.285714,4.5714283,8.0]},"faces":{"east":{"uv":[11.75,1.25,13.0,1.25],"rotation":0,"texture":"#0","tintindex":0},"south":{"uv":[15.5,1.25,16.75,1.25],"rotation":0,"texture":"#0","tintindex":0},"north":{"uv":[13.0,1.25,14.25,1.25],"rotation":0,"texture":"#0","tintindex":0},"west":{"uv":[14.25,1.25,15.5,1.25],"rotation":0,"texture":"#0","tintindex":0},"up":{"uv":[14.25,1.25,13.0,0.0],"rotation":0,"texture":"#0","tintindex":0},"down":{"uv":[15.5,0.0,14.25,1.25],"rotation":0,"texture":"#0","tintindex":0}}},{"from":[7.428571,4.5714283,6.857143],"to":[9.142858,8.571428,8.571428],"rotation":{"angle":0.0,"axis":"y","origin":[6.285714,4.5714283,8.0]},"faces":{"east":{"uv":[0.0,11.75,0.75,13.5],"rotation":0,"texture":"#0","tintindex":0},"south":{"uv":[2.25,11.75,3.0,13.5],"rotation":0,"texture":"#0","tintindex":0},"north":{"uv":[0.75,11.75,1.5,13.5],"rotation":0,"texture":"#0","tintindex":0},"west":{"uv":[1.5,11.75,2.25,13.5],"rotation":0,"texture":"#0","tintindex":0},"up":{"uv":[1.5,11.75,0.75,11.0],"rotation":0,"texture":"#0","tintindex":0},"down":{"uv":[2.25,11.0,1.5,11.75],"rotation":0,"texture":"#0","tintindex":0}}}],"textures":{"0":"modelengine:entity/iguana"},"display":{"head":{"translation":[0.0,-6.4,0.0],"scale":[4.0,4.0,4.0]}}}