{"elements":[{"from":[6.285714,7.428571,5.142857],"to":[9.714286,11.428572,14.285715],"rotation":{"angle":0.0,"axis":"y","origin":[8.0,6.857143,8.0]},"faces":{"east":{"uv":[0.0,4.0,4.0,5.75],"rotation":0,"texture":"#0","tintindex":0},"south":{"uv":[9.5,4.0,11.0,5.75],"rotation":0,"texture":"#0","tintindex":0},"north":{"uv":[4.0,4.0,5.5,5.75],"rotation":0,"texture":"#0","tintindex":0},"west":{"uv":[5.5,4.0,9.5,5.75],"rotation":0,"texture":"#0","tintindex":0},"up":{"uv":[5.5,4.0,4.0,0.0],"rotation":0,"texture":"#0","tintindex":0},"down":{"uv":[7.0,0.0,5.5,4.0],"rotation":0,"texture":"#0","tintindex":0}}},{"from":[8.0,11.428572,6.857143],"to":[8.0,12.0,13.714286],"rotation":{"angle":0.0,"axis":"y","origin":[8.0,6.857143,8.0]},"faces":{"east":{"uv":[7.0,3.0,10.0,3.25],"rotation":0,"texture":"#0","tintindex":0},"south":{"uv":[13.0,3.0,13.0,3.25],"rotation":0,"texture":"#0","tintindex":0},"north":{"uv":[10.0,3.0,10.0,3.25],"rotation":0,"texture":"#0","tintindex":0},"west":{"uv":[10.0,3.0,13.0,3.25],"rotation":0,"texture":"#0","tintindex":0},"up":{"uv":[10.0,3.0,10.0,0.0],"rotation":0,"texture":"#0","tintindex":0},"down":{"uv":[10.0,0.0,10.0,3.0],"rotation":0,"texture":"#0","tintindex":0}}}],"textures":{"0":"modelengine:entity/iguana"},"display":{"head":{"translation":[0.0,-6.4,0.0],"scale":[4.0,4.0,4.0]}}}