{"elements":[{"from":[7.428571,6.857143,8.0],"to":[8.571428,9.714286,17.142857],"rotation":{"angle":0.0,"axis":"y","origin":[8.0,6.285714,-3.4285717]},"faces":{"east":{"uv":[0.0,9.75,4.0,11.0],"rotation":0,"texture":"#0","tintindex":0},"south":{"uv":[8.5,9.75,9.0,11.0],"rotation":0,"texture":"#0","tintindex":0},"north":{"uv":[4.0,9.75,4.5,11.0],"rotation":0,"texture":"#0","tintindex":0},"west":{"uv":[4.5,9.75,8.5,11.0],"rotation":0,"texture":"#0","tintindex":0},"up":{"uv":[4.5,9.75,4.0,5.75],"rotation":0,"texture":"#0","tintindex":0},"down":{"uv":[5.0,5.75,4.5,9.75],"rotation":0,"texture":"#0","tintindex":0}}},{"from":[8.0,9.714286,8.0],"to":[8.0,10.285714,17.142857],"rotation":{"angle":0.0,"axis":"y","origin":[8.0,6.285714,-3.4285717]},"faces":{"east":{"uv":[5.0,5.75,9.0,6.0],"rotation":0,"texture":"#0","tintindex":0},"south":{"uv":[13.0,5.75,13.0,6.0],"rotation":0,"texture":"#0","tintindex":0},"north":{"uv":[9.0,5.75,9.0,6.0],"rotation":0,"texture":"#0","tintindex":0},"west":{"uv":[9.0,5.75,13.0,6.0],"rotation":0,"texture":"#0","tintindex":0},"up":{"uv":[9.0,5.75,9.0,1.75],"rotation":0,"texture":"#0","tintindex":0},"down":{"uv":[9.0,1.75,9.0,5.75],"rotation":0,"texture":"#0","tintindex":0}}}],"textures":{"0":"modelengine:entity/iguana"},"display":{"head":{"translation":[0.0,-6.4,0.0],"scale":[4.0,4.0,4.0]}}}