{"elements":[{"from":[6.857143,6.285714,6.857143],"to":[9.142858,10.857143,9.142858],"rotation":{"angle":0.0,"axis":"y","origin":[8.0,4.5714283,10.857143]},"faces":{"east":{"uv":[0.0,1.0,1.0,3.0],"rotation":0,"texture":"#0","tintindex":0},"south":{"uv":[3.0,1.0,4.0,3.0],"rotation":0,"texture":"#0","tintindex":0},"north":{"uv":[1.0,1.0,2.0,3.0],"rotation":0,"texture":"#0","tintindex":0},"west":{"uv":[2.0,1.0,3.0,3.0],"rotation":0,"texture":"#0","tintindex":0},"up":{"uv":[2.0,1.0,1.0,0.0],"rotation":0,"texture":"#0","tintindex":0},"down":{"uv":[3.0,0.0,2.0,1.0],"rotation":0,"texture":"#0","tintindex":0}}},{"from":[6.857143,8.571428,5.142857],"to":[9.142858,10.857143,6.857143],"rotation":{"angle":0.0,"axis":"y","origin":[8.0,4.5714283,10.857143]},"faces":{"east":{"uv":[10.75,9.75,11.5,10.75],"rotation":0,"texture":"#0","tintindex":0},"south":{"uv":[13.25,9.75,14.25,10.75],"rotation":0,"texture":"#0","tintindex":0},"north":{"uv":[11.5,9.75,12.5,10.75],"rotation":0,"texture":"#0","tintindex":0},"west":{"uv":[12.5,9.75,13.25,10.75],"rotation":0,"texture":"#0","tintindex":0},"up":{"uv":[12.5,9.75,11.5,9.0],"rotation":0,"texture":"#0","tintindex":0},"down":{"uv":[13.5,9.0,12.5,9.75],"rotation":0,"texture":"#0","tintindex":0}}},{"from":[8.0,10.857143,6.285714],"to":[8.0,11.428572,9.142858],"rotation":{"angle":0.0,"axis":"y","origin":[8.0,4.5714283,10.857143]},"faces":{"east":{"uv":[7.0,1.75,8.25,2.0],"rotation":0,"texture":"#0","tintindex":0},"south":{"uv":[9.5,1.75,9.5,2.0],"rotation":0,"texture":"#0","tintindex":0},"north":{"uv":[8.25,1.75,8.25,2.0],"rotation":0,"texture":"#0","tintindex":0},"west":{"uv":[8.25,1.75,9.5,2.0],"rotation":0,"texture":"#0","tintindex":0},"up":{"uv":[8.25,1.75,8.25,0.5],"rotation":0,"texture":"#0","tintindex":0},"down":{"uv":[8.25,0.5,8.25,1.75],"rotation":0,"texture":"#0","tintindex":0}}},{"from":[8.0,6.285714,5.142857],"to":[8.0,8.571428,8.0],"rotation":{"angle":0.0,"axis":"y","origin":[8.0,4.5714283,10.857143]},"faces":{"east":{"uv":[0.0,3.0,1.25,4.0],"rotation":0,"texture":"#0","tintindex":0},"south":{"uv":[2.5,3.0,2.5,4.0],"rotation":0,"texture":"#0","tintindex":0},"north":{"uv":[1.25,3.0,1.25,4.0],"rotation":0,"texture":"#0","tintindex":0},"west":{"uv":[1.25,3.0,2.5,4.0],"rotation":0,"texture":"#0","tintindex":0},"up":{"uv":[1.25,3.0,1.25,1.75],"rotation":0,"texture":"#0","tintindex":0},"down":{"uv":[1.25,1.75,1.25,3.0],"rotation":0,"texture":"#0","tintindex":0}}}],"textures":{"0":"modelengine:entity/iguana"},"display":{"head":{"translation":[0.0,-6.4,0.0],"scale":[4.0,4.0,4.0]}}}