{"elements":[{"from":[6.285714,5.142857,6.285714],"to":[8.0,8.0,9.142858],"rotation":{"angle":0.0,"axis":"y","origin":[9.714286,5.142857,3.4285712]},"faces":{"east":{"uv":[7.75,11.0,9.0,12.25],"rotation":0,"texture":"#0","tintindex":0},"south":{"uv":[11.0,11.0,11.75,12.25],"rotation":0,"texture":"#0","tintindex":0},"north":{"uv":[9.0,11.0,9.75,12.25],"rotation":0,"texture":"#0","tintindex":0},"west":{"uv":[9.75,11.0,11.0,12.25],"rotation":0,"texture":"#0","tintindex":0},"up":{"uv":[9.75,11.0,9.0,9.75],"rotation":0,"texture":"#0","tintindex":0},"down":{"uv":[10.5,9.75,9.75,11.0],"rotation":0,"texture":"#0","tintindex":0}}},{"from":[5.142857,5.142857,4.5714283],"to":[8.0,5.142857,8.571428],"rotation":{"angle":0.0,"axis":"y","origin":[9.714286,5.142857,3.4285712]},"faces":{"east":{"uv":[7.5,7.75,9.25,7.75],"rotation":0,"texture":"#0","tintindex":0},"south":{"uv":[12.25,7.75,13.5,7.75],"rotation":0,"texture":"#0","tintindex":0},"north":{"uv":[9.25,7.75,10.5,7.75],"rotation":0,"texture":"#0","tintindex":0},"west":{"uv":[10.5,7.75,12.25,7.75],"rotation":0,"texture":"#0","tintindex":0},"up":{"uv":[10.5,7.75,9.25,6.0],"rotation":0,"texture":"#0","tintindex":0},"down":{"uv":[11.75,6.0,10.5,7.75],"rotation":0,"texture":"#0","tintindex":0}}}],"textures":{"0":"modelengine:entity/iguana"},"display":{"head":{"translation":[0.0,-6.4,0.0],"scale":[4.0,4.0,4.0]}}}