{"elements":[{"from":[8.0,5.142857,6.285714],"to":[9.714286,8.0,9.142858],"rotation":{"angle":0.0,"axis":"y","origin":[6.285714,5.142857,3.4285712]},"faces":{"east":{"uv":[0.0,7.0,1.25,8.25],"rotation":0,"texture":"#0","tintindex":0},"south":{"uv":[3.25,7.0,4.0,8.25],"rotation":0,"texture":"#0","tintindex":0},"north":{"uv":[1.25,7.0,2.0,8.25],"rotation":0,"texture":"#0","tintindex":0},"west":{"uv":[2.0,7.0,3.25,8.25],"rotation":0,"texture":"#0","tintindex":0},"up":{"uv":[2.0,7.0,1.25,5.75],"rotation":0,"texture":"#0","tintindex":0},"down":{"uv":[2.75,5.75,2.0,7.0],"rotation":0,"texture":"#0","tintindex":0}}},{"from":[8.0,5.142857,4.5714283],"to":[10.857143,5.142857,8.571428],"rotation":{"angle":0.0,"axis":"y","origin":[6.285714,5.142857,3.4285712]},"faces":{"east":{"uv":[5.25,1.75,7.0,1.75],"rotation":0,"texture":"#0","tintindex":0},"south":{"uv":[10.0,1.75,11.25,1.75],"rotation":0,"texture":"#0","tintindex":0},"north":{"uv":[7.0,1.75,8.25,1.75],"rotation":0,"texture":"#0","tintindex":0},"west":{"uv":[8.25,1.75,10.0,1.75],"rotation":0,"texture":"#0","tintindex":0},"up":{"uv":[8.25,1.75,7.0,0.0],"rotation":0,"texture":"#0","tintindex":0},"down":{"uv":[9.5,0.0,8.25,1.75],"rotation":0,"texture":"#0","tintindex":0}}}],"textures":{"0":"modelengine:entity/iguana"},"display":{"head":{"translation":[0.0,-6.4,0.0],"scale":[4.0,4.0,4.0]}}}