{"elements":[{"from":[6.857143,6.857143,8.0],"to":[9.142858,10.285714,13.142858],"rotation":{"angle":0.0,"axis":"y","origin":[8.0,6.285714,1.7142854]},"faces":{"east":{"uv":[5.0,8.25,7.25,9.75],"rotation":0,"texture":"#0","tintindex":0},"south":{"uv":[10.5,8.25,11.5,9.75],"rotation":0,"texture":"#0","tintindex":0},"north":{"uv":[7.25,8.25,8.25,9.75],"rotation":0,"texture":"#0","tintindex":0},"west":{"uv":[8.25,8.25,10.5,9.75],"rotation":0,"texture":"#0","tintindex":0},"up":{"uv":[8.25,8.25,7.25,6.0],"rotation":0,"texture":"#0","tintindex":0},"down":{"uv":[9.25,6.0,8.25,8.25],"rotation":0,"texture":"#0","tintindex":0}}},{"from":[8.0,10.285714,8.0],"to":[8.0,10.857143,13.142858],"rotation":{"angle":0.0,"axis":"y","origin":[8.0,6.285714,1.7142854]},"faces":{"east":{"uv":[7.0,2.25,9.25,2.5],"rotation":0,"texture":"#0","tintindex":0},"south":{"uv":[11.5,2.25,11.5,2.5],"rotation":0,"texture":"#0","tintindex":0},"north":{"uv":[9.25,2.25,9.25,2.5],"rotation":0,"texture":"#0","tintindex":0},"west":{"uv":[9.25,2.25,11.5,2.5],"rotation":0,"texture":"#0","tintindex":0},"up":{"uv":[9.25,2.25,9.25,0.0],"rotation":0,"texture":"#0","tintindex":0},"down":{"uv":[9.25,0.0,9.25,2.25],"rotation":0,"texture":"#0","tintindex":0}}}],"textures":{"0":"modelengine:entity/iguana"},"display":{"head":{"translation":[0.0,-6.4,0.0],"scale":[4.0,4.0,4.0]}}}