{"elements":[{"from":[6.857143,7.428571,6.285714],"to":[9.142858,9.142858,9.714286],"rotation":{"angle":0.0,"axis":"y","origin":[8.0,7.428571,8.571428]},"faces":{"east":{"uv":[0.0,9.0,3.0,10.5],"rotation":0,"texture":"#0","tintindex":0},"south":{"uv":[8.0,9.0,10.0,10.5],"rotation":0,"texture":"#0","tintindex":0},"north":{"uv":[3.0,9.0,5.0,10.5],"rotation":0,"texture":"#0","tintindex":0},"west":{"uv":[5.0,9.0,8.0,10.5],"rotation":0,"texture":"#0","tintindex":0},"up":{"uv":[5.0,9.0,3.0,6.0],"rotation":0,"texture":"#0","tintindex":0},"down":{"uv":[7.0,6.0,5.0,9.0],"rotation":0,"texture":"#0","tintindex":0}}},{"from":[7.428571,7.428571,5.714286],"to":[8.571428,8.571428,6.285714],"rotation":{"angle":0.0,"axis":"y","origin":[8.0,7.428571,8.571428]},"faces":{"east":{"uv":[0.0,0.5,0.5,1.5],"rotation":0,"texture":"#0","tintindex":0},"south":{"uv":[2.0,0.5,3.0,1.5],"rotation":0,"texture":"#0","tintindex":0},"north":{"uv":[0.5,0.5,1.5,1.5],"rotation":0,"texture":"#0","tintindex":0},"west":{"uv":[1.5,0.5,2.0,1.5],"rotation":0,"texture":"#0","tintindex":0},"up":{"uv":[1.5,0.5,0.5,0.0],"rotation":0,"texture":"#0","tintindex":0},"down":{"uv":[2.5,0.0,1.5,0.5],"rotation":0,"texture":"#0","tintindex":0}}}],"textures":{"0":"modelengine:entity/honduran_whitebat"},"display":{"head":{"translation":[0.0,-6.4,0.0],"scale":[4.0,4.0,4.0]}}}