{"elements":[{"from":[8.0,7.428571,8.0],"to":[9.142858,9.714286,8.0],"rotation":{"angle":0.0,"axis":"y","origin":[7.428571,6.857143,9.714286]},"faces":{"east":{"uv":[0.0,1.5,0.0,3.5],"rotation":0,"texture":"#0","tintindex":0},"south":{"uv":[1.0,1.5,2.0,3.5],"rotation":0,"texture":"#0","tintindex":0},"north":{"uv":[0.0,1.5,1.0,3.5],"rotation":0,"texture":"#0","tintindex":0},"west":{"uv":[1.0,1.5,1.0,3.5],"rotation":0,"texture":"#0","tintindex":0},"up":{"uv":[1.0,1.5,0.0,1.5],"rotation":0,"texture":"#0","tintindex":0},"down":{"uv":[2.0,1.5,1.0,1.5],"rotation":0,"texture":"#0","tintindex":0}}}],"textures":{"0":"modelengine:entity/honduran_whitebat"},"display":{"head":{"translation":[0.0,-6.4,0.0],"scale":[4.0,4.0,4.0]}}}