{"elements":[{"from":[8.0,8.0,6.285714],"to":[13.142858,8.0,9.714286],"rotation":{"angle":0.0,"axis":"y","origin":[6.857143,7.428571,8.571428]},"faces":{"east":{"uv":[0.0,3.0,3.0,3.0],"rotation":0,"texture":"#0","tintindex":0},"south":{"uv":[10.5,3.0,15.0,3.0],"rotation":0,"texture":"#0","tintindex":0},"north":{"uv":[3.0,3.0,7.5,3.0],"rotation":0,"texture":"#0","tintindex":0},"west":{"uv":[7.5,3.0,10.5,3.0],"rotation":0,"texture":"#0","tintindex":0},"up":{"uv":[7.5,3.0,3.0,0.0],"rotation":0,"texture":"#0","tintindex":0},"down":{"uv":[12.0,0.0,7.5,3.0],"rotation":0,"texture":"#0","tintindex":0}}}],"textures":{"0":"modelengine:entity/honduran_whitebat"},"display":{"head":{"translation":[0.0,-6.4,0.0],"scale":[4.0,4.0,4.0]}}}