{"elements":[{"from":[6.285714,6.857143,6.285714],"to":[9.714286,9.714286,9.714286],"rotation":{"angle":0.0,"axis":"y","origin":[8.0,4.5714283,8.0]},"faces":{"east":{"uv":[3.5,4.0,5.0,5.25],"rotation":0,"texture":"#0","tintindex":0},"south":{"uv":[8.0,4.0,9.5,5.25],"rotation":0,"texture":"#0","tintindex":0},"north":{"uv":[5.0,4.0,6.5,5.25],"rotation":0,"texture":"#0","tintindex":0},"west":{"uv":[6.5,4.0,8.0,5.25],"rotation":0,"texture":"#0","tintindex":0},"up":{"uv":[6.5,4.0,5.0,2.5],"rotation":0,"texture":"#0","tintindex":0},"down":{"uv":[8.0,2.5,6.5,4.0],"rotation":0,"texture":"#0","tintindex":0}}}],"textures":{"0":"modelengine:entity/purple"},"display":{"head":{"translation":[0.0,-6.4,0.0],"scale":[4.0,4.0,4.0]}}}