{"elements":[{"from":[7.428571,6.857143,5.142857],"to":[8.571428,8.0,8.0],"rotation":{"angle":0.0,"axis":"y","origin":[9.714286,5.142857,10.857143]},"faces":{"east":{"uv":[0.0,7.5,1.25,8.0],"rotation":0,"texture":"#0","tintindex":0},"south":{"uv":[3.0,7.5,3.5,8.0],"rotation":0,"texture":"#0","tintindex":0},"north":{"uv":[1.25,7.5,1.75,8.0],"rotation":0,"texture":"#0","tintindex":0},"west":{"uv":[1.75,7.5,3.0,8.0],"rotation":0,"texture":"#0","tintindex":0},"up":{"uv":[1.75,7.5,1.25,6.25],"rotation":0,"texture":"#0","tintindex":0},"down":{"uv":[2.25,6.25,1.75,7.5],"rotation":0,"texture":"#0","tintindex":0}}}],"textures":{"0":"modelengine:entity/purple"},"display":{"head":{"translation":[0.0,-6.4,0.0],"scale":[4.0,4.0,4.0]}}}