{"elements":[{"from":[7.428571,6.857143,5.142857],"to":[8.571428,8.0,8.0],"rotation":{"angle":0.0,"axis":"y","origin":[6.285714,5.142857,10.857143]},"faces":{"east":{"uv":[5.0,7.25,6.25,7.75],"rotation":0,"texture":"#0","tintindex":0},"south":{"uv":[8.0,7.25,8.5,7.75],"rotation":0,"texture":"#0","tintindex":0},"north":{"uv":[6.25,7.25,6.75,7.75],"rotation":0,"texture":"#0","tintindex":0},"west":{"uv":[6.75,7.25,8.0,7.75],"rotation":0,"texture":"#0","tintindex":0},"up":{"uv":[6.75,7.25,6.25,6.0],"rotation":0,"texture":"#0","tintindex":0},"down":{"uv":[7.25,6.0,6.75,7.25],"rotation":0,"texture":"#0","tintindex":0}}}],"textures":{"0":"modelengine:entity/purple"},"display":{"head":{"translation":[0.0,-6.4,0.0],"scale":[4.0,4.0,4.0]}}}