{"elements":[{"from":[7.428571,8.0,5.142857],"to":[8.571428,9.714286,8.0],"rotation":{"angle":0.0,"axis":"y","origin":[9.714286,5.142857,10.857143]},"faces":{"east":{"uv":[2.75,6.5,4.0,7.25],"rotation":0,"texture":"#0","tintindex":0},"south":{"uv":[5.75,6.5,6.25,7.25],"rotation":0,"texture":"#0","tintindex":0},"north":{"uv":[4.0,6.5,4.5,7.25],"rotation":0,"texture":"#0","tintindex":0},"west":{"uv":[4.5,6.5,5.75,7.25],"rotation":0,"texture":"#0","tintindex":0},"up":{"uv":[4.5,6.5,4.0,5.25],"rotation":0,"texture":"#0","tintindex":0},"down":{"uv":[5.0,5.25,4.5,6.5],"rotation":0,"texture":"#0","tintindex":0}}}],"textures":{"0":"modelengine:entity/purple"},"display":{"head":{"translation":[0.0,-6.4,0.0],"scale":[4.0,4.0,4.0]}}}