{"elements":[{"from":[7.4307427,8.024829,8.000543],"to":[8.5736,9.739115,8.000543],"rotation":{"angle":0.0,"axis":"y","origin":[8.571428,4.0,12.0]},"faces":{"east":{"uv":[0.0,0.75,0.0,1.5],"rotation":0,"texture":"#0","tintindex":0},"south":{"uv":[0.5,0.75,1.0,1.5],"rotation":0,"texture":"#0","tintindex":0},"north":{"uv":[0.0,0.75,0.5,1.5],"rotation":0,"texture":"#0","tintindex":0},"west":{"uv":[0.5,0.75,0.5,1.5],"rotation":0,"texture":"#0","tintindex":0},"up":{"uv":[0.5,0.75,0.0,0.75],"rotation":0,"texture":"#0","tintindex":0},"down":{"uv":[1.0,0.75,0.5,0.75],"rotation":0,"texture":"#0","tintindex":0}}}],"textures":{"0":"modelengine:entity/purple"},"display":{"head":{"translation":[0.0,-6.4,0.0],"scale":[4.0,4.0,4.0]}}}