{"elements":[{"from":[6.857143,6.857143,5.714286],"to":[9.142858,9.142858,8.0],"rotation":{"angle":0.0,"axis":"y","origin":[8.0,4.0,9.714286]},"faces":{"east":{"uv":[0.0,5.25,1.0,6.25],"rotation":0,"texture":"#0","tintindex":0},"south":{"uv":[3.0,5.25,4.0,6.25],"rotation":0,"texture":"#0","tintindex":0},"north":{"uv":[1.0,5.25,2.0,6.25],"rotation":0,"texture":"#0","tintindex":0},"west":{"uv":[2.0,5.25,3.0,6.25],"rotation":0,"texture":"#0","tintindex":0},"up":{"uv":[2.0,5.25,1.0,4.25],"rotation":0,"texture":"#0","tintindex":0},"down":{"uv":[3.0,4.25,2.0,5.25],"rotation":0,"texture":"#0","tintindex":0}}}],"textures":{"0":"modelengine:entity/purple"},"display":{"head":{"translation":[0.0,-6.4,0.0],"scale":[4.0,4.0,4.0]}}}