{"elements":[{"from":[8.0,8.0,5.714286],"to":[11.428572,8.0,10.285714],"rotation":{"angle":0.0,"axis":"y","origin":[6.285714,5.714286,8.0]},"faces":{"east":{"uv":[0.0,2.0,2.0,2.0],"rotation":0,"texture":"#0","tintindex":0},"south":{"uv":[5.5,2.0,7.0,2.0],"rotation":0,"texture":"#0","tintindex":0},"north":{"uv":[2.0,2.0,3.5,2.0],"rotation":0,"texture":"#0","tintindex":0},"west":{"uv":[3.5,2.0,5.5,2.0],"rotation":0,"texture":"#0","tintindex":0},"up":{"uv":[3.5,2.0,2.0,0.0],"rotation":0,"texture":"#0","tintindex":0},"down":{"uv":[5.0,0.0,3.5,2.0],"rotation":0,"texture":"#0","tintindex":0}}}],"textures":{"0":"modelengine:entity/purple"},"display":{"head":{"translation":[0.0,-6.4,0.0],"scale":[4.0,4.0,4.0]}}}