{"elements":[{"from":[5.714286,5.714286,4.5714283],"to":[10.285714,10.285714,10.285714],"rotation":{"angle":0.0,"axis":"y","origin":[8.0,2.8571424,7.428571]},"faces":{"east":{"uv":[0.0,14.0,2.5,16.0],"rotation":0,"texture":"#0","tintindex":0},"south":{"uv":[7.0,14.0,9.0,16.0],"rotation":0,"texture":"#0","tintindex":0},"north":{"uv":[2.5,14.0,4.5,16.0],"rotation":0,"texture":"#0","tintindex":0},"west":{"uv":[4.5,14.0,7.0,16.0],"rotation":0,"texture":"#0","tintindex":0},"up":{"uv":[4.5,14.0,2.5,11.5],"rotation":0,"texture":"#0","tintindex":0},"down":{"uv":[6.5,11.5,4.5,14.0],"rotation":0,"texture":"#0","tintindex":0}}},{"from":[6.285714,10.285714,5.714286],"to":[9.714286,13.142858,9.142858],"rotation":{"angle":0.0,"axis":"y","origin":[8.0,2.8571424,7.428571]},"faces":{"east":{"uv":[9.75,14.75,11.25,16.0],"rotation":0,"texture":"#0","tintindex":0},"south":{"uv":[14.25,14.75,15.75,16.0],"rotation":0,"texture":"#0","tintindex":0},"north":{"uv":[11.25,14.75,12.75,16.0],"rotation":0,"texture":"#0","tintindex":0},"west":{"uv":[12.75,14.75,14.25,16.0],"rotation":0,"texture":"#0","tintindex":0},"up":{"uv":[12.75,14.75,11.25,13.25],"rotation":0,"texture":"#0","tintindex":0},"down":{"uv":[14.25,13.25,12.75,14.75],"rotation":0,"texture":"#0","tintindex":0}}}],"textures":{"0":"modelengine:entity/purple"},"display":{"head":{"translation":[0.0,-6.4,0.0],"scale":[4.0,4.0,4.0]}}}