{"elements":[{"from":[6.285714,8.0,7.428571],"to":[8.0,8.0,8.571428],"rotation":{"angle":0.0,"axis":"y","origin":[8.571428,5.714286,5.142857]},"faces":{"east":{"uv":[0.0,2.0,1.0,2.0],"rotation":0,"texture":"#0","tintindex":0},"south":{"uv":[3.5,2.0,5.0,2.0],"rotation":0,"texture":"#0","tintindex":0},"north":{"uv":[1.0,2.0,2.5,2.0],"rotation":0,"texture":"#0","tintindex":0},"west":{"uv":[2.5,2.0,3.5,2.0],"rotation":0,"texture":"#0","tintindex":0},"up":{"uv":[2.5,2.0,1.0,1.0],"rotation":0,"texture":"#0","tintindex":0},"down":{"uv":[4.0,1.0,2.5,2.0],"rotation":0,"texture":"#0","tintindex":0}}}],"textures":{"0":"modelengine:entity/maru"},"display":{"head":{"translation":[0.0,-6.4,0.0],"scale":[4.0,4.0,4.0]}}}