{"elements":[{"from":[6.857143,7.142857,5.142857],"to":[9.142858,9.428572,9.714286],"rotation":{"angle":0.0,"axis":"y","origin":[8.0,5.142857,8.571428]},"faces":{"east":{"uv":[0.0,4.0,4.0,6.0],"rotation":0,"texture":"#0","tintindex":0},"south":{"uv":[10.0,4.0,12.0,6.0],"rotation":0,"texture":"#0","tintindex":0},"north":{"uv":[4.0,4.0,6.0,6.0],"rotation":0,"texture":"#0","tintindex":0},"west":{"uv":[6.0,4.0,10.0,6.0],"rotation":0,"texture":"#0","tintindex":0},"up":{"uv":[6.0,4.0,4.0,0.0],"rotation":0,"texture":"#0","tintindex":0},"down":{"uv":[8.0,0.0,6.0,4.0],"rotation":0,"texture":"#0","tintindex":0}}},{"from":[8.0,9.142858,7.428571],"to":[8.0,10.285714,9.714286],"rotation":{"angle":0.0,"axis":"y","origin":[8.0,5.142857,8.571428]},"faces":{"east":{"uv":[0.0,2.0,2.0,3.0],"rotation":0,"texture":"#0","tintindex":0},"south":{"uv":[4.0,2.0,4.0,3.0],"rotation":0,"texture":"#0","tintindex":0},"north":{"uv":[2.0,2.0,2.0,3.0],"rotation":0,"texture":"#0","tintindex":0},"west":{"uv":[2.0,2.0,4.0,3.0],"rotation":0,"texture":"#0","tintindex":0},"up":{"uv":[2.0,2.0,2.0,0.0],"rotation":0,"texture":"#0","tintindex":0},"down":{"uv":[2.0,0.0,2.0,2.0],"rotation":0,"texture":"#0","tintindex":0}}}],"textures":{"0":"modelengine:entity/maru"},"display":{"head":{"translation":[0.0,-6.4,0.0],"scale":[4.0,4.0,4.0]}}}