{"elements":[{"from":[5.714286,8.0,7.428571],"to":[8.0,8.0,9.142858],"rotation":{"angle":0.0,"axis":"y","origin":[9.142858,5.714286,8.571428]},"faces":{"east":{"uv":[6.5,3.0,8.0,3.0],"rotation":0,"texture":"#0","tintindex":0},"south":{"uv":[11.5,3.0,13.5,3.0],"rotation":0,"texture":"#0","tintindex":0},"north":{"uv":[8.0,3.0,10.0,3.0],"rotation":0,"texture":"#0","tintindex":0},"west":{"uv":[10.0,3.0,11.5,3.0],"rotation":0,"texture":"#0","tintindex":0},"up":{"uv":[10.0,3.0,8.0,1.5],"rotation":0,"texture":"#0","tintindex":0},"down":{"uv":[12.0,1.5,10.0,3.0],"rotation":0,"texture":"#0","tintindex":0}}}],"textures":{"0":"modelengine:entity/maru"},"display":{"head":{"translation":[0.0,-6.4,0.0],"scale":[4.0,4.0,4.0]}}}