{"elements":[{"from":[7.142857,7.142857,8.0],"to":[8.857143,9.428572,12.571428],"rotation":{"angle":0.0,"axis":"y","origin":[8.0,5.142857,6.857143]},"faces":{"east":{"uv":[0.0,10.0,4.0,12.0],"rotation":0,"texture":"#0","tintindex":0},"south":{"uv":[9.5,10.0,11.0,12.0],"rotation":0,"texture":"#0","tintindex":0},"north":{"uv":[4.0,10.0,5.5,12.0],"rotation":0,"texture":"#0","tintindex":0},"west":{"uv":[5.5,10.0,9.5,12.0],"rotation":0,"texture":"#0","tintindex":0},"up":{"uv":[5.5,10.0,4.0,6.0],"rotation":0,"texture":"#0","tintindex":0},"down":{"uv":[7.0,6.0,5.5,10.0],"rotation":0,"texture":"#0","tintindex":0}}},{"from":[8.0,9.142858,8.0],"to":[8.0,10.285714,12.571428],"rotation":{"angle":0.0,"axis":"y","origin":[8.0,5.142857,6.857143]},"faces":{"east":{"uv":[8.0,14.5,12.0,15.5],"rotation":0,"texture":"#0","tintindex":0},"south":{"uv":[16.0,14.5,16.0,15.5],"rotation":0,"texture":"#0","tintindex":0},"north":{"uv":[12.0,14.5,12.0,15.5],"rotation":0,"texture":"#0","tintindex":0},"west":{"uv":[12.0,14.5,16.0,15.5],"rotation":0,"texture":"#0","tintindex":0},"up":{"uv":[12.0,14.5,12.0,10.5],"rotation":0,"texture":"#0","tintindex":0},"down":{"uv":[12.0,10.5,12.0,14.5],"rotation":0,"texture":"#0","tintindex":0}}},{"from":[8.0,6.285714,8.0],"to":[8.0,7.428571,12.571428],"rotation":{"angle":0.0,"axis":"y","origin":[8.0,5.142857,6.857143]},"faces":{"east":{"uv":[4.0,15.0,8.0,16.0],"rotation":0,"texture":"#0","tintindex":0},"south":{"uv":[12.0,15.0,12.0,16.0],"rotation":0,"texture":"#0","tintindex":0},"north":{"uv":[8.0,15.0,8.0,16.0],"rotation":0,"texture":"#0","tintindex":0},"west":{"uv":[8.0,15.0,12.0,16.0],"rotation":0,"texture":"#0","tintindex":0},"up":{"uv":[8.0,15.0,8.0,11.0],"rotation":0,"texture":"#0","tintindex":0},"down":{"uv":[8.0,11.0,8.0,15.0],"rotation":0,"texture":"#0","tintindex":0}}}],"textures":{"0":"modelengine:entity/maru"},"display":{"head":{"translation":[0.0,-6.4,0.0],"scale":[4.0,4.0,4.0]}}}