{"elements":[{"from":[8.0,6.857143,8.0],"to":[8.0,9.714286,10.857143],"rotation":{"angle":0.0,"axis":"y","origin":[8.0,5.142857,2.2857141]},"faces":{"east":{"uv":[7.0,6.0,9.5,8.5],"rotation":0,"texture":"#0","tintindex":0},"south":{"uv":[12.0,6.0,12.0,8.5],"rotation":0,"texture":"#0","tintindex":0},"north":{"uv":[9.5,6.0,9.5,8.5],"rotation":0,"texture":"#0","tintindex":0},"west":{"uv":[9.5,6.0,12.0,8.5],"rotation":0,"texture":"#0","tintindex":0},"up":{"uv":[9.5,6.0,9.5,3.5],"rotation":0,"texture":"#0","tintindex":0},"down":{"uv":[9.5,3.5,9.5,6.0],"rotation":0,"texture":"#0","tintindex":0}}}],"textures":{"0":"modelengine:entity/maru"},"display":{"head":{"translation":[0.0,-6.4,0.0],"scale":[4.0,4.0,4.0]}}}