{"elements":[{"from":[7.142857,6.5714283,4.5714283],"to":[8.857143,10.0,10.285714],"rotation":{"angle":0.0,"axis":"y","origin":[8.0,4.5714283,8.0]},"faces":{"east":{"uv":[0.0,2.5,2.5,4.0],"rotation":0,"texture":"#0","tintindex":0},"south":{"uv":[5.75,2.5,6.5,4.0],"rotation":0,"texture":"#0","tintindex":0},"north":{"uv":[2.5,2.5,3.25,4.0],"rotation":0,"texture":"#0","tintindex":0},"west":{"uv":[3.25,2.5,5.75,4.0],"rotation":0,"texture":"#0","tintindex":0},"up":{"uv":[3.25,2.5,2.5,0.0],"rotation":0,"texture":"#0","tintindex":0},"down":{"uv":[4.0,0.0,3.25,2.5],"rotation":0,"texture":"#0","tintindex":0}}}],"textures":{"0":"modelengine:entity/arowana"},"display":{"head":{"translation":[0.0,-6.4,0.0],"scale":[4.0,4.0,4.0]}}}