{"elements":[{"from":[7.142857,6.5714283,8.0],"to":[8.857143,10.0,12.571428],"rotation":{"angle":0.0,"axis":"y","origin":[8.0,4.5714283,5.714286]},"faces":{"east":{"uv":[0.0,6.0,2.0,7.5],"rotation":0,"texture":"#0","tintindex":0},"south":{"uv":[4.75,6.0,5.5,7.5],"rotation":0,"texture":"#0","tintindex":0},"north":{"uv":[2.0,6.0,2.75,7.5],"rotation":0,"texture":"#0","tintindex":0},"west":{"uv":[2.75,6.0,4.75,7.5],"rotation":0,"texture":"#0","tintindex":0},"up":{"uv":[2.75,6.0,2.0,4.0],"rotation":0,"texture":"#0","tintindex":0},"down":{"uv":[3.5,4.0,2.75,6.0],"rotation":0,"texture":"#0","tintindex":0}}}],"textures":{"0":"modelengine:entity/arowana"},"display":{"head":{"translation":[0.0,-6.4,0.0],"scale":[4.0,4.0,4.0]}}}