{"elements":[{"from":[8.0,8.285714,5.714286],"to":[8.0,9.428572,10.285714],"rotation":{"angle":0.0,"axis":"y","origin":[8.0,2.8571424,3.4285712]},"faces":{"east":{"uv":[3.5,4.5,5.5,5.0],"rotation":0,"texture":"#0","tintindex":0},"south":{"uv":[7.5,4.5,7.5,5.0],"rotation":0,"texture":"#0","tintindex":0},"north":{"uv":[5.5,4.5,5.5,5.0],"rotation":0,"texture":"#0","tintindex":0},"west":{"uv":[5.5,4.5,7.5,5.0],"rotation":0,"texture":"#0","tintindex":0},"up":{"uv":[5.5,4.5,5.5,2.5],"rotation":0,"texture":"#0","tintindex":0},"down":{"uv":[5.5,2.5,5.5,4.5],"rotation":0,"texture":"#0","tintindex":0}}},{"from":[8.0,3.7142854,5.714286],"to":[8.0,4.8571424,10.285714],"rotation":{"angle":0.0,"axis":"y","origin":[8.0,2.8571424,3.4285712]},"faces":{"east":{"uv":[3.5,4.0,5.5,4.5],"rotation":0,"texture":"#0","tintindex":0},"south":{"uv":[7.5,4.0,7.5,4.5],"rotation":0,"texture":"#0","tintindex":0},"north":{"uv":[5.5,4.0,5.5,4.5],"rotation":0,"texture":"#0","tintindex":0},"west":{"uv":[5.5,4.0,7.5,4.5],"rotation":0,"texture":"#0","tintindex":0},"up":{"uv":[5.5,4.0,5.5,2.0],"rotation":0,"texture":"#0","tintindex":0},"down":{"uv":[5.5,2.0,5.5,4.0],"rotation":0,"texture":"#0","tintindex":0}}}],"textures":{"0":"modelengine:entity/arowana"},"display":{"head":{"translation":[0.0,-6.4,0.0],"scale":[4.0,4.0,4.0]}}}