{"elements":[{"from":[8.0,8.0,7.428571],"to":[10.857143,8.0,8.571428],"rotation":{"angle":0.0,"axis":"y","origin":[7.428571,5.714286,8.571428]},"faces":{"east":{"uv":[3.5,0.5,4.0,0.5],"rotation":0,"texture":"#0","tintindex":0},"south":{"uv":[5.75,0.5,7.0,0.5],"rotation":0,"texture":"#0","tintindex":0},"north":{"uv":[4.0,0.5,5.25,0.5],"rotation":0,"texture":"#0","tintindex":0},"west":{"uv":[5.25,0.5,5.75,0.5],"rotation":0,"texture":"#0","tintindex":0},"up":{"uv":[5.25,0.5,4.0,0.0],"rotation":0,"texture":"#0","tintindex":0},"down":{"uv":[6.5,0.0,5.25,0.5],"rotation":0,"texture":"#0","tintindex":0}}}],"textures":{"0":"modelengine:entity/arowana"},"display":{"head":{"translation":[0.0,-6.4,0.0],"scale":[4.0,4.0,4.0]}}}