{"elements":[{"from":[7.428571,8.0,6.857143],"to":[8.571428,11.428572,8.0],"rotation":{"angle":0.0,"axis":"y","origin":[8.0,5.714286,11.428572]},"faces":{"east":{"uv":[0.0,0.5,0.5,2.0],"rotation":0,"texture":"#0","tintindex":0},"south":{"uv":[1.5,0.5,2.0,2.0],"rotation":0,"texture":"#0","tintindex":0},"north":{"uv":[0.5,0.5,1.0,2.0],"rotation":0,"texture":"#0","tintindex":0},"west":{"uv":[1.0,0.5,1.5,2.0],"rotation":0,"texture":"#0","tintindex":0},"up":{"uv":[1.0,0.5,0.5,0.0],"rotation":0,"texture":"#0","tintindex":0},"down":{"uv":[1.5,0.0,1.0,0.5],"rotation":0,"texture":"#0","tintindex":0}}},{"from":[7.142857,11.142858,5.142857],"to":[8.857143,11.142858,6.857143],"rotation":{"angle":0.0,"axis":"y","origin":[8.0,5.714286,11.428572]},"faces":{"east":{"uv":[3.25,1.75,4.0,1.75],"rotation":0,"texture":"#0","tintindex":0},"south":{"uv":[5.5,1.75,6.25,1.75],"rotation":0,"texture":"#0","tintindex":0},"north":{"uv":[4.0,1.75,4.75,1.75],"rotation":0,"texture":"#0","tintindex":0},"west":{"uv":[4.75,1.75,5.5,1.75],"rotation":0,"texture":"#0","tintindex":0},"up":{"uv":[4.75,1.75,4.0,1.0],"rotation":0,"texture":"#0","tintindex":0},"down":{"uv":[5.5,1.0,4.75,1.75],"rotation":0,"texture":"#0","tintindex":0}}}],"textures":{"0":"modelengine:entity/arowana"},"display":{"head":{"translation":[0.0,-6.4,0.0],"scale":[4.0,4.0,4.0]}}}