{"elements":[{"from":[8.0,6.5714283,8.0],"to":[8.0,10.0,11.428572],"rotation":{"angle":0.0,"axis":"y","origin":[8.0,4.5714283,1.1428566]},"faces":{"east":{"uv":[5.5,5.0,7.0,6.5],"rotation":0,"texture":"#0","tintindex":0},"south":{"uv":[8.5,5.0,8.5,6.5],"rotation":0,"texture":"#0","tintindex":0},"north":{"uv":[7.0,5.0,7.0,6.5],"rotation":0,"texture":"#0","tintindex":0},"west":{"uv":[7.0,5.0,8.5,6.5],"rotation":0,"texture":"#0","tintindex":0},"up":{"uv":[7.0,5.0,7.0,3.5],"rotation":0,"texture":"#0","tintindex":0},"down":{"uv":[7.0,3.5,7.0,5.0],"rotation":0,"texture":"#0","tintindex":0}}}],"textures":{"0":"modelengine:entity/arowana"},"display":{"head":{"translation":[0.0,-6.4,0.0],"scale":[4.0,4.0,4.0]}}}