{"elements":[{"from":[3.4285712,8.0,6.857143],"to":[8.0,10.285714,9.142858],"rotation":{"angle":0.0,"axis":"y","origin":[8.0,8.0,8.0]},"faces":{"east":{"uv":[7.5,10.0,9.5,12.0],"rotation":0,"texture":"#0","tintindex":0},"south":{"uv":[4.0,8.0,8.0,10.0],"rotation":0,"texture":"#0","tintindex":0},"north":{"uv":[0.0,8.0,4.0,10.0],"rotation":0,"texture":"#0","tintindex":0},"west":{"uv":[9.5,10.0,11.5,12.0],"rotation":0,"texture":"#0","tintindex":0},"up":{"uv":[12.0,10.0,8.0,8.0],"rotation":0,"texture":"#0","tintindex":0},"down":{"uv":[12.5,4.0,8.5,6.0],"rotation":0,"texture":"#0","tintindex":0}}}],"textures":{"0":"modelengine:entity/bs_vm_crab_texture"},"display":{"head":{"translation":[0.0,-6.4,0.0],"scale":[4.0,4.0,4.0]}}}