{"elements":[{"from":[4.5714283,2.2857141,-0.57142925],"to":[11.428572,10.857143,17.142857],"rotation":{"angle":0.0,"axis":"y","origin":[8.0,1.1428566,8.0]},"faces":{"east":{"uv":[0.0,3.875,3.875,5.75],"rotation":0,"texture":"#0","tintindex":0},"south":{"uv":[9.25,3.875,10.75,5.75],"rotation":0,"texture":"#0","tintindex":0},"north":{"uv":[3.875,3.875,5.375,5.75],"rotation":0,"texture":"#0","tintindex":0},"west":{"uv":[5.375,3.875,9.25,5.75],"rotation":0,"texture":"#0","tintindex":0},"up":{"uv":[5.375,3.875,3.875,0.0],"rotation":0,"texture":"#0","tintindex":0},"down":{"uv":[6.875,0.0,5.375,3.875],"rotation":0,"texture":"#0","tintindex":0}}}],"textures":{"0":"modelengine:entity/id_arapaima"},"display":{"head":{"translation":[0.0,-6.4,0.0],"scale":[4.0,4.0,4.0]}}}