{"elements":[{"from":[6.857143,5.714286,6.857143],"to":[9.142858,8.571428,9.142858],"rotation":{"angle":0.0,"axis":"y","origin":[8.0,6.857143,2.8571424]},"faces":{"east":{"uv":[0.0,0.5,0.5,1.125],"rotation":0,"texture":"#0","tintindex":0},"south":{"uv":[1.5,0.5,2.0,1.125],"rotation":0,"texture":"#0","tintindex":0},"north":{"uv":[0.5,0.5,1.0,1.125],"rotation":0,"texture":"#0","tintindex":0},"west":{"uv":[1.0,0.5,1.5,1.125],"rotation":0,"texture":"#0","tintindex":0},"up":{"uv":[1.0,0.5,0.5,0.0],"rotation":0,"texture":"#0","tintindex":0},"down":{"uv":[1.5,0.0,1.0,0.5],"rotation":0,"texture":"#0","tintindex":0}}}],"textures":{"0":"modelengine:entity/id_arapaima"},"display":{"head":{"translation":[0.0,-6.4,0.0],"scale":[4.0,4.0,4.0]}}}