{"elements":[{"from":[7.428571,3.4285712,8.0],"to":[8.571428,12.571428,13.142858],"rotation":{"angle":0.0,"axis":"y","origin":[8.0,2.8571424,-13.1428585]},"faces":{"east":{"uv":[0.0,14.0,1.125,16.0],"rotation":0,"texture":"#0","tintindex":0},"south":{"uv":[2.5,14.0,2.75,16.0],"rotation":0,"texture":"#0","tintindex":0},"north":{"uv":[1.125,14.0,1.375,16.0],"rotation":0,"texture":"#0","tintindex":0},"west":{"uv":[1.375,14.0,2.5,16.0],"rotation":0,"texture":"#0","tintindex":0},"up":{"uv":[1.375,14.0,1.125,12.875],"rotation":0,"texture":"#0","tintindex":0},"down":{"uv":[1.625,12.875,1.375,14.0],"rotation":0,"texture":"#0","tintindex":0}}},{"from":[8.0,2.8571424,8.0],"to":[8.0,13.142858,17.714287],"rotation":{"angle":0.0,"axis":"y","origin":[8.0,2.8571424,-13.1428585]},"faces":{"east":{"uv":[5.875,11.875,8.0,14.125],"rotation":0,"texture":"#0","tintindex":0},"south":{"uv":[10.125,11.875,10.125,14.125],"rotation":0,"texture":"#0","tintindex":0},"north":{"uv":[8.0,11.875,8.0,14.125],"rotation":0,"texture":"#0","tintindex":0},"west":{"uv":[8.0,11.875,10.125,14.125],"rotation":0,"texture":"#0","tintindex":0},"up":{"uv":[8.0,11.875,8.0,9.75],"rotation":0,"texture":"#0","tintindex":0},"down":{"uv":[8.0,9.75,8.0,11.875],"rotation":0,"texture":"#0","tintindex":0}}}],"textures":{"0":"modelengine:entity/id_arapaima"},"display":{"head":{"translation":[0.0,-6.4,0.0],"scale":[4.0,4.0,4.0]}}}