{"elements":[{"from":[8.0,8.0,6.857143],"to":[13.142858,8.571428,10.285714],"rotation":{"angle":0.0,"axis":"y","origin":[4.5714283,6.285714,13.714286]},"faces":{"east":{"uv":[11.75,7.375,12.5,7.5],"rotation":0,"texture":"#0","tintindex":0},"south":{"uv":[14.375,7.375,15.5,7.5],"rotation":0,"texture":"#0","tintindex":0},"north":{"uv":[12.5,7.375,13.625,7.5],"rotation":0,"texture":"#0","tintindex":0},"west":{"uv":[13.625,7.375,14.375,7.5],"rotation":0,"texture":"#0","tintindex":0},"up":{"uv":[13.625,7.375,12.5,6.625],"rotation":0,"texture":"#0","tintindex":0},"down":{"uv":[14.75,6.625,13.625,7.375],"rotation":0,"texture":"#0","tintindex":0}}}],"textures":{"0":"modelengine:entity/id_arapaima"},"display":{"head":{"translation":[0.0,-6.4,0.0],"scale":[4.0,4.0,4.0]}}}