{"elements":[{"from":[2.8571424,8.0,6.857143],"to":[8.0,8.571428,10.285714],"rotation":{"angle":0.0,"axis":"y","origin":[11.428572,6.285714,13.714286]},"faces":{"east":{"uv":[11.625,5.375,12.375,5.5],"rotation":0,"texture":"#0","tintindex":0},"south":{"uv":[14.25,5.375,15.375,5.5],"rotation":0,"texture":"#0","tintindex":0},"north":{"uv":[12.375,5.375,13.5,5.5],"rotation":0,"texture":"#0","tintindex":0},"west":{"uv":[13.5,5.375,14.25,5.5],"rotation":0,"texture":"#0","tintindex":0},"up":{"uv":[13.5,5.375,12.375,4.625],"rotation":0,"texture":"#0","tintindex":0},"down":{"uv":[14.625,4.625,13.5,5.375],"rotation":0,"texture":"#0","tintindex":0}}}],"textures":{"0":"modelengine:entity/id_arapaima"},"display":{"head":{"translation":[0.0,-6.4,0.0],"scale":[4.0,4.0,4.0]}}}