{"elements":[{"from":[4.5714283,3.4285712,-2.285715],"to":[11.428572,9.142858,8.0],"rotation":{"angle":0.0,"axis":"y","origin":[8.0,1.7142854,16.57143]},"faces":{"east":{"uv":[6.875,2.25,9.125,3.5],"rotation":0,"texture":"#0","tintindex":0},"south":{"uv":[12.875,2.25,14.375,3.5],"rotation":0,"texture":"#0","tintindex":0},"north":{"uv":[9.125,2.25,10.625,3.5],"rotation":0,"texture":"#0","tintindex":0},"west":{"uv":[10.625,2.25,12.875,3.5],"rotation":0,"texture":"#0","tintindex":0},"up":{"uv":[10.625,2.25,9.125,0.0],"rotation":0,"texture":"#0","tintindex":0},"down":{"uv":[12.125,0.0,10.625,2.25],"rotation":0,"texture":"#0","tintindex":0}}}],"textures":{"0":"modelengine:entity/id_arapaima"},"display":{"head":{"translation":[0.0,-6.4,0.0],"scale":[4.0,4.0,4.0]}}}