{"elements":[{"from":[5.142857,3.4285712,8.571428],"to":[10.857143,11.428572,20.57143],"rotation":{"angle":0.0,"axis":"y","origin":[8.0,2.2857141,-0.57142925]},"faces":{"east":{"uv":[0.0,8.375,2.625,10.125],"rotation":0,"texture":"#0","tintindex":0},"south":{"uv":[6.5,8.375,7.75,10.125],"rotation":0,"texture":"#0","tintindex":0},"north":{"uv":[2.625,8.375,3.875,10.125],"rotation":0,"texture":"#0","tintindex":0},"west":{"uv":[3.875,8.375,6.5,10.125],"rotation":0,"texture":"#0","tintindex":0},"up":{"uv":[3.875,8.375,2.625,5.75],"rotation":0,"texture":"#0","tintindex":0},"down":{"uv":[5.125,5.75,3.875,8.375],"rotation":0,"texture":"#0","tintindex":0}}},{"from":[8.0,11.428572,8.571428],"to":[8.0,13.714286,20.57143],"rotation":{"angle":0.0,"axis":"y","origin":[8.0,2.2857141,-0.57142925]},"faces":{"east":{"uv":[8.625,15.375,11.25,15.875],"rotation":0,"texture":"#0","tintindex":0},"south":{"uv":[13.875,15.375,13.875,15.875],"rotation":0,"texture":"#0","tintindex":0},"north":{"uv":[11.25,15.375,11.25,15.875],"rotation":0,"texture":"#0","tintindex":0},"west":{"uv":[11.25,15.375,13.875,15.875],"rotation":0,"texture":"#0","tintindex":0},"up":{"uv":[11.25,15.375,11.25,12.75],"rotation":0,"texture":"#0","tintindex":0},"down":{"uv":[11.25,12.75,11.25,15.375],"rotation":0,"texture":"#0","tintindex":0}}},{"from":[8.0,1.1428566,8.0],"to":[8.0,3.4285712,20.57143],"rotation":{"angle":0.0,"axis":"y","origin":[8.0,2.2857141,-0.57142925]},"faces":{"east":{"uv":[9.0,10.0,11.75,10.5],"rotation":0,"texture":"#0","tintindex":0},"south":{"uv":[14.5,10.0,14.5,10.5],"rotation":0,"texture":"#0","tintindex":0},"north":{"uv":[11.75,10.0,11.75,10.5],"rotation":0,"texture":"#0","tintindex":0},"west":{"uv":[11.75,10.0,14.5,10.5],"rotation":0,"texture":"#0","tintindex":0},"up":{"uv":[11.75,10.0,11.75,7.25],"rotation":0,"texture":"#0","tintindex":0},"down":{"uv":[11.75,7.25,11.75,10.0],"rotation":0,"texture":"#0","tintindex":0}}}],"textures":{"0":"modelengine:entity/id_arapaima"},"display":{"head":{"translation":[0.0,-6.4,0.0],"scale":[4.0,4.0,4.0]}}}