{"elements":[{"from":[5.714286,-1.7142859,5.714286],"to":[9.714286,9.714286,10.285714],"rotation":{"angle":0.0,"axis":"y","origin":[3.4285712,-1.7142859,8.571428]},"faces":{"east":{"uv":[0.0,5.125,1.0,7.625],"rotation":0,"texture":"#0","tintindex":0},"south":{"uv":[2.875,5.125,3.75,7.625],"rotation":0,"texture":"#0","tintindex":0},"north":{"uv":[1.0,5.125,1.875,7.625],"rotation":0,"texture":"#0","tintindex":0},"west":{"uv":[1.875,5.125,2.875,7.625],"rotation":0,"texture":"#0","tintindex":0},"up":{"uv":[1.875,5.125,1.0,4.125],"rotation":0,"texture":"#0","tintindex":0},"down":{"uv":[2.75,4.125,1.875,5.125],"rotation":0,"texture":"#0","tintindex":0}}}],"textures":{"0":"modelengine:entity/orangutan"},"display":{"head":{"translation":[0.0,-6.4,0.0],"scale":[4.0,4.0,4.0]}}}