{"elements":[{"from":[5.142857,6.285714,4.0],"to":[10.857143,12.571428,9.142858],"rotation":{"angle":0.0,"axis":"y","origin":[8.0,-1.1428576,12.0]},"faces":{"east":{"uv":[6.125,1.125,7.25,2.5],"rotation":0,"texture":"#0","tintindex":0},"south":{"uv":[9.625,1.125,10.875,2.5],"rotation":0,"texture":"#0","tintindex":0},"north":{"uv":[7.25,1.125,8.5,2.5],"rotation":0,"texture":"#0","tintindex":0},"west":{"uv":[8.5,1.125,9.625,2.5],"rotation":0,"texture":"#0","tintindex":0},"up":{"uv":[8.5,1.125,7.25,0.0],"rotation":0,"texture":"#0","tintindex":0},"down":{"uv":[9.75,0.0,8.5,1.125],"rotation":0,"texture":"#0","tintindex":0}}},{"from":[6.285714,6.285714,1.7142854],"to":[9.714286,9.142858,4.0],"rotation":{"angle":0.0,"axis":"y","origin":[8.0,-1.1428576,12.0]},"faces":{"east":{"uv":[0.0,0.5,0.5,1.125],"rotation":0,"texture":"#0","tintindex":0},"south":{"uv":[1.75,0.5,2.5,1.125],"rotation":0,"texture":"#0","tintindex":0},"north":{"uv":[0.5,0.5,1.25,1.125],"rotation":0,"texture":"#0","tintindex":0},"west":{"uv":[1.25,0.5,1.75,1.125],"rotation":0,"texture":"#0","tintindex":0},"up":{"uv":[1.25,0.5,0.5,0.0],"rotation":0,"texture":"#0","tintindex":0},"down":{"uv":[2.0,0.0,1.25,0.5],"rotation":0,"texture":"#0","tintindex":0}}},{"from":[4.0,6.285714,4.0],"to":[5.142857,10.857143,5.714286],"rotation":{"angle":0.0,"axis":"y","origin":[8.0,-1.1428576,12.0]},"faces":{"east":{"uv":[1.25,1.5,1.625,2.5],"rotation":0,"texture":"#0","tintindex":0},"south":{"uv":[2.25,1.5,2.5,2.5],"rotation":0,"texture":"#0","tintindex":0},"north":{"uv":[1.625,1.5,1.875,2.5],"rotation":0,"texture":"#0","tintindex":0},"west":{"uv":[1.875,1.5,2.25,2.5],"rotation":0,"texture":"#0","tintindex":0},"up":{"uv":[1.875,1.5,1.625,1.125],"rotation":0,"texture":"#0","tintindex":0},"down":{"uv":[2.125,1.125,1.875,1.5],"rotation":0,"texture":"#0","tintindex":0}}},{"from":[10.857143,6.285714,4.0],"to":[12.0,10.857143,5.714286],"rotation":{"angle":0.0,"axis":"y","origin":[8.0,-1.1428576,12.0]},"faces":{"east":{"uv":[0.0,1.5,0.375,2.5],"rotation":0,"texture":"#0","tintindex":0},"south":{"uv":[1.0,1.5,1.25,2.5],"rotation":0,"texture":"#0","tintindex":0},"north":{"uv":[0.375,1.5,0.625,2.5],"rotation":0,"texture":"#0","tintindex":0},"west":{"uv":[0.625,1.5,1.0,2.5],"rotation":0,"texture":"#0","tintindex":0},"up":{"uv":[0.625,1.5,0.375,1.125],"rotation":0,"texture":"#0","tintindex":0},"down":{"uv":[0.875,1.125,0.625,1.5],"rotation":0,"texture":"#0","tintindex":0}}}],"textures":{"0":"modelengine:entity/orangutan"},"display":{"head":{"translation":[0.0,-6.4,0.0],"scale":[4.0,4.0,4.0]}}}