{"elements":[{"from":[5.714286,2.2857141,6.285714],"to":[9.142858,9.142858,10.285714],"rotation":{"angle":0.0,"axis":"y","origin":[3.4285712,2.2857141,1.1428566]},"faces":{"east":{"uv":[6.625,7.625,7.5,9.125],"rotation":0,"texture":"#0","tintindex":0},"south":{"uv":[9.125,7.625,9.875,9.125],"rotation":0,"texture":"#0","tintindex":0},"north":{"uv":[7.5,7.625,8.25,9.125],"rotation":0,"texture":"#0","tintindex":0},"west":{"uv":[8.25,7.625,9.125,9.125],"rotation":0,"texture":"#0","tintindex":0},"up":{"uv":[8.25,7.625,7.5,6.75],"rotation":0,"texture":"#0","tintindex":0},"down":{"uv":[9.0,6.75,8.25,7.625],"rotation":0,"texture":"#0","tintindex":0}}}],"textures":{"0":"modelengine:entity/orangutan"},"display":{"head":{"translation":[0.0,-6.4,0.0],"scale":[4.0,4.0,4.0]}}}