{"elements":[{"from":[6.0,7.904762,5.904762],"to":[10.0,10.761905,9.904762],"rotation":{"angle":0.0,"axis":"y","origin":[8.0,0.4761901,7.904762]},"faces":{"east":{"uv":[7.5,4.0,9.25,5.25],"rotation":0,"texture":"#0","tintindex":0},"south":{"uv":[7.5,5.25,9.25,6.5],"rotation":0,"texture":"#0","tintindex":0},"north":{"uv":[6.5,6.75,8.25,8.0],"rotation":0,"texture":"#0","tintindex":0},"west":{"uv":[0.0,7.75,1.75,9.0],"rotation":0,"texture":"#0","tintindex":0},"up":{"uv":[5.75,6.75,4.0,5.0],"rotation":0,"texture":"#0","tintindex":0},"down":{"uv":[7.5,5.0,5.75,6.75],"rotation":0,"texture":"#0","tintindex":0}}},{"from":[7.428571,8.190476,4.7619047],"to":[8.571428,9.333333,6.4761906],"rotation":{"angle":0.0,"axis":"y","origin":[8.0,0.4761901,7.904762]},"faces":{"east":{"uv":[6.25,4.0,7.0,4.5],"rotation":0,"texture":"#0","tintindex":0},"south":{"uv":[9.25,3.75,9.75,4.25],"rotation":0,"texture":"#0","tintindex":0},"north":{"uv":[9.25,3.25,9.75,3.75],"rotation":0,"texture":"#0","tintindex":0},"west":{"uv":[6.25,4.5,7.0,5.0],"rotation":0,"texture":"#0","tintindex":0},"up":{"uv":[4.0,6.75,3.5,6.0],"rotation":0,"texture":"#0","tintindex":0},"down":{"uv":[7.5,4.0,7.0,4.75],"rotation":0,"texture":"#0","tintindex":0}}},{"from":[5.714286,7.6190476,5.619047],"to":[10.285714,11.047619,10.190476],"rotation":{"angle":0.0,"axis":"y","origin":[8.0,0.4761901,7.904762]},"faces":{"east":{"uv":[7.75,2.0,9.5,3.25],"rotation":0,"texture":"#0","tintindex":0},"south":{"uv":[6.5,8.0,8.25,9.25],"rotation":0,"texture":"#0","tintindex":0},"north":{"uv":[1.75,7.75,3.5,9.0],"rotation":0,"texture":"#0","tintindex":0},"west":{"uv":[8.25,0.0,10.0,1.25],"rotation":0,"texture":"#0","tintindex":0},"up":{"uv":[1.75,7.75,0.0,6.0],"rotation":0,"texture":"#0","tintindex":0},"down":{"uv":[3.5,6.0,1.75,7.75],"rotation":0,"texture":"#0","tintindex":0}}}],"textures":{"0":"modelengine:entity/bs_vm_penguin_texture"},"display":{"head":{"translation":[0.0,-6.4,0.0],"scale":[4.0,4.0,4.0]}}}