{"elements":[{"from":[8.0,2.8571424,6.285714],"to":[8.571428,3.4285712,9.142858],"rotation":{"angle":0.0,"axis":"y","origin":[5.428571,1.1428566,8.0]},"faces":{"east":{"uv":[9.0,7.0,10.25,7.25],"rotation":0,"texture":"#0","tintindex":0},"south":{"uv":[6.0,2.5,6.25,2.75],"rotation":0,"texture":"#0","tintindex":0},"north":{"uv":[6.0,2.25,6.25,2.5],"rotation":0,"texture":"#0","tintindex":0},"west":{"uv":[9.0,7.25,10.25,7.5],"rotation":0,"texture":"#0","tintindex":0},"up":{"uv":[9.25,8.75,9.0,7.5],"rotation":0,"texture":"#0","tintindex":0},"down":{"uv":[8.5,9.0,8.25,10.25],"rotation":0,"texture":"#0","tintindex":0}}},{"from":[8.0,3.4285712,6.285714],"to":[8.571428,8.0,9.714286],"rotation":{"angle":0.0,"axis":"y","origin":[5.428571,1.1428566,8.0]},"faces":{"east":{"uv":[3.5,6.75,5.0,8.75],"rotation":0,"texture":"#0","tintindex":0},"south":{"uv":[0.75,9.0,1.0,11.0],"rotation":0,"texture":"#0","tintindex":0},"north":{"uv":[0.5,9.0,0.75,11.0],"rotation":0,"texture":"#0","tintindex":0},"west":{"uv":[5.0,6.75,6.5,8.75],"rotation":0,"texture":"#0","tintindex":0},"up":{"uv":[1.75,10.5,1.5,9.0],"rotation":0,"texture":"#0","tintindex":0},"down":{"uv":[2.0,9.0,1.75,10.5],"rotation":0,"texture":"#0","tintindex":0}}}],"textures":{"0":"modelengine:entity/bs_vm_penguin_texture"},"display":{"head":{"translation":[0.0,-6.4,0.0],"scale":[4.0,4.0,4.0]}}}