{"elements":[{"from":[7.142857,7.428571,5.142857],"to":[8.857143,8.0,8.0],"rotation":{"angle":0.0,"axis":"y","origin":[6.857143,7.428571,8.0]},"faces":{"east":{"uv":[8.5,9.0,9.75,9.25],"rotation":0,"texture":"#0","tintindex":0},"south":{"uv":[9.25,4.75,10.0,5.0],"rotation":0,"texture":"#0","tintindex":0},"north":{"uv":[9.25,4.5,10.0,4.75],"rotation":0,"texture":"#0","tintindex":0},"west":{"uv":[9.0,8.75,10.25,9.0],"rotation":0,"texture":"#0","tintindex":0},"up":{"uv":[4.25,10.0,3.5,8.75],"rotation":0,"texture":"#0","tintindex":0},"down":{"uv":[5.0,8.75,4.25,10.0],"rotation":0,"texture":"#0","tintindex":0}}}],"textures":{"0":"modelengine:entity/bs_vm_penguin_texture"},"display":{"head":{"translation":[0.0,-6.4,0.0],"scale":[4.0,4.0,4.0]}}}