{"elements":[{"from":[4.0,8.0,6.857143],"to":[8.0,8.571428,9.142858],"rotation":{"angle":0.0,"axis":"y","origin":[10.285714,6.857143,9.714286]},"faces":{"east":{"uv":[0.0,10.75,1.0,11.0],"rotation":0,"texture":"#0","tintindex":0},"south":{"uv":[3.75,10.75,5.5,11.0],"rotation":0,"texture":"#0","tintindex":0},"north":{"uv":[1.0,10.75,2.75,11.0],"rotation":0,"texture":"#0","tintindex":0},"west":{"uv":[2.75,10.75,3.75,11.0],"rotation":0,"texture":"#0","tintindex":0},"up":{"uv":[2.75,10.75,1.0,9.75],"rotation":0,"texture":"#0","tintindex":0},"down":{"uv":[4.5,9.75,2.75,10.75],"rotation":0,"texture":"#0","tintindex":0}}}],"textures":{"0":"modelengine:entity/id_sealion"},"display":{"head":{"translation":[0.0,-6.4,0.0],"scale":[4.0,4.0,4.0]}}}