{"elements":[{"from":[5.714286,6.285714,4.0],"to":[10.285714,10.285714,11.428572],"rotation":{"angle":0.0,"axis":"y","origin":[8.0,6.285714,7.428571]},"faces":{"east":{"uv":[0.0,3.25,3.25,5.0],"rotation":0,"texture":"#0","tintindex":0},"south":{"uv":[8.5,3.25,10.5,5.0],"rotation":0,"texture":"#0","tintindex":0},"north":{"uv":[3.25,3.25,5.25,5.0],"rotation":0,"texture":"#0","tintindex":0},"west":{"uv":[5.25,3.25,8.5,5.0],"rotation":0,"texture":"#0","tintindex":0},"up":{"uv":[5.25,3.25,3.25,0.0],"rotation":0,"texture":"#0","tintindex":0},"down":{"uv":[7.25,0.0,5.25,3.25],"rotation":0,"texture":"#0","tintindex":0}}}],"textures":{"0":"modelengine:entity/id_sealion"},"display":{"head":{"translation":[0.0,-6.4,0.0],"scale":[4.0,4.0,4.0]}}}