{"elements":[{"from":[6.285714,6.857143,6.857143],"to":[9.714286,14.857143,10.285714],"rotation":{"angle":0.0,"axis":"y","origin":[8.0,5.714286,11.428572]},"faces":{"east":{"uv":[6.0,8.5,7.5,12.0],"rotation":0,"texture":"#0","tintindex":0},"south":{"uv":[10.5,8.5,12.0,12.0],"rotation":0,"texture":"#0","tintindex":0},"north":{"uv":[7.5,8.5,9.0,12.0],"rotation":0,"texture":"#0","tintindex":0},"west":{"uv":[9.0,8.5,10.5,12.0],"rotation":0,"texture":"#0","tintindex":0},"up":{"uv":[9.0,8.5,7.5,7.0],"rotation":0,"texture":"#0","tintindex":0},"down":{"uv":[10.5,7.0,9.0,8.5],"rotation":0,"texture":"#0","tintindex":0}}},{"from":[6.857143,12.0,5.714286],"to":[9.142858,13.142858,6.857143],"rotation":{"angle":0.0,"axis":"y","origin":[8.0,5.714286,11.428572]},"faces":{"east":{"uv":[0.0,0.5,0.5,1.0],"rotation":0,"texture":"#0","tintindex":0},"south":{"uv":[2.0,0.5,3.0,1.0],"rotation":0,"texture":"#0","tintindex":0},"north":{"uv":[0.5,0.5,1.5,1.0],"rotation":0,"texture":"#0","tintindex":0},"west":{"uv":[1.5,0.5,2.0,1.0],"rotation":0,"texture":"#0","tintindex":0},"up":{"uv":[1.5,0.5,0.5,0.0],"rotation":0,"texture":"#0","tintindex":0},"down":{"uv":[2.5,0.0,1.5,0.5],"rotation":0,"texture":"#0","tintindex":0}}}],"textures":{"0":"modelengine:entity/id_sealion"},"display":{"head":{"translation":[0.0,-6.4,0.0],"scale":[4.0,4.0,4.0]}}}