{"elements":[{"from":[6.857143,8.0,7.428571],"to":[9.142858,8.571428,11.428572],"rotation":{"angle":0.0,"axis":"y","origin":[9.142858,6.857143,-1.1428576]},"faces":{"east":{"uv":[7.25,1.75,9.0,2.0],"rotation":0,"texture":"#0","tintindex":0},"south":{"uv":[11.75,1.75,12.75,2.0],"rotation":0,"texture":"#0","tintindex":0},"north":{"uv":[9.0,1.75,10.0,2.0],"rotation":0,"texture":"#0","tintindex":0},"west":{"uv":[10.0,1.75,11.75,2.0],"rotation":0,"texture":"#0","tintindex":0},"up":{"uv":[10.0,1.75,9.0,0.0],"rotation":0,"texture":"#0","tintindex":0},"down":{"uv":[11.0,0.0,10.0,1.75],"rotation":0,"texture":"#0","tintindex":0}}}],"textures":{"0":"modelengine:entity/id_sealion"},"display":{"head":{"translation":[0.0,-6.4,0.0],"scale":[4.0,4.0,4.0]}}}