{"elements":[{"from":[6.857143,8.0,7.428571],"to":[9.142858,8.571428,11.428572],"rotation":{"angle":0.0,"axis":"y","origin":[6.857143,6.857143,-1.1428576]},"faces":{"east":{"uv":[5.25,6.75,7.0,7.0],"rotation":0,"texture":"#0","tintindex":0},"south":{"uv":[9.75,6.75,10.75,7.0],"rotation":0,"texture":"#0","tintindex":0},"north":{"uv":[7.0,6.75,8.0,7.0],"rotation":0,"texture":"#0","tintindex":0},"west":{"uv":[8.0,6.75,9.75,7.0],"rotation":0,"texture":"#0","tintindex":0},"up":{"uv":[8.0,6.75,7.0,5.0],"rotation":0,"texture":"#0","tintindex":0},"down":{"uv":[9.0,5.0,8.0,6.75],"rotation":0,"texture":"#0","tintindex":0}}}],"textures":{"0":"modelengine:entity/id_sealion"},"display":{"head":{"translation":[0.0,-6.4,0.0],"scale":[4.0,4.0,4.0]}}}