{"elements":[{"from":[6.285714,6.285714,8.0],"to":[9.714286,9.142858,13.142858],"rotation":{"angle":0.0,"axis":"y","origin":[8.0,6.285714,4.0]},"faces":{"east":{"uv":[0.0,7.25,2.25,8.5],"rotation":0,"texture":"#0","tintindex":0},"south":{"uv":[6.0,7.25,7.5,8.5],"rotation":0,"texture":"#0","tintindex":0},"north":{"uv":[2.25,7.25,3.75,8.5],"rotation":0,"texture":"#0","tintindex":0},"west":{"uv":[3.75,7.25,6.0,8.5],"rotation":0,"texture":"#0","tintindex":0},"up":{"uv":[3.75,7.25,2.25,5.0],"rotation":0,"texture":"#0","tintindex":0},"down":{"uv":[5.25,5.0,3.75,7.25],"rotation":0,"texture":"#0","tintindex":0}}}],"textures":{"0":"modelengine:entity/id_sealion"},"display":{"head":{"translation":[0.0,-6.4,0.0],"scale":[4.0,4.0,4.0]}}}