{"elements":[{"from":[7.714286,8.923446,6.6479826],"to":[8.285714,16.352016,10.076554],"rotation":{"angle":0.0,"axis":"y","origin":[8.0,4.5714283,6.285714]},"faces":{"east":{"uv":[0.0,0.75,0.75,2.375],"rotation":0,"texture":"#0","tintindex":0},"south":{"uv":[1.625,0.75,1.75,2.375],"rotation":0,"texture":"#0","tintindex":0},"north":{"uv":[0.75,0.75,0.875,2.375],"rotation":0,"texture":"#0","tintindex":0},"west":{"uv":[0.875,0.75,1.625,2.375],"rotation":0,"texture":"#0","tintindex":0},"up":{"uv":[0.875,0.75,0.75,0.0],"rotation":0,"texture":"#0","tintindex":0},"down":{"uv":[1.0,0.0,0.875,0.75],"rotation":0,"texture":"#0","tintindex":0}}}],"textures":{"0":"modelengine:entity/greyreefshark"},"display":{"head":{"translation":[0.0,-6.4,0.0],"scale":[4.0,4.0,4.0]}}}