{"elements":[{"from":[5.142857,8.0,2.2857141],"to":[10.857143,13.142858,14.857143],"rotation":{"angle":0.0,"axis":"y","origin":[8.0,8.0,9.714286]},"faces":{"east":{"uv":[0.0,2.75,2.75,3.875],"rotation":0,"texture":"#0","tintindex":0},"south":{"uv":[6.75,2.75,8.0,3.875],"rotation":0,"texture":"#0","tintindex":0},"north":{"uv":[2.75,2.75,4.0,3.875],"rotation":0,"texture":"#0","tintindex":0},"west":{"uv":[4.0,2.75,6.75,3.875],"rotation":0,"texture":"#0","tintindex":0},"up":{"uv":[4.0,2.75,2.75,0.0],"rotation":0,"texture":"#0","tintindex":0},"down":{"uv":[5.25,0.0,4.0,2.75],"rotation":0,"texture":"#0","tintindex":0}}}],"textures":{"0":"modelengine:entity/greyreefshark"},"display":{"head":{"translation":[0.0,-6.4,0.0],"scale":[4.0,4.0,4.0]}}}