{"elements":[{"from":[1.1428566,8.0,6.0],"to":[7.428571,8.571428,9.428572],"rotation":{"angle":0.0,"axis":"y","origin":[9.714286,7.428571,8.571428]},"faces":{"east":{"uv":[5.25,1.625,6.0,1.75],"rotation":0,"texture":"#0","tintindex":0},"south":{"uv":[8.125,1.625,9.5,1.75],"rotation":0,"texture":"#0","tintindex":0},"north":{"uv":[6.0,1.625,7.375,1.75],"rotation":0,"texture":"#0","tintindex":0},"west":{"uv":[7.375,1.625,8.125,1.75],"rotation":0,"texture":"#0","tintindex":0},"up":{"uv":[7.375,1.625,6.0,0.875],"rotation":0,"texture":"#0","tintindex":0},"down":{"uv":[8.75,0.875,7.375,1.625],"rotation":0,"texture":"#0","tintindex":0}}}],"textures":{"0":"modelengine:entity/greyreefshark"},"display":{"head":{"translation":[0.0,-6.4,0.0],"scale":[4.0,4.0,4.0]}}}