{"elements":[{"from":[8.571428,8.0,6.0],"to":[14.857143,8.571428,9.428572],"rotation":{"angle":0.0,"axis":"y","origin":[6.285714,7.428571,8.571428]},"faces":{"east":{"uv":[5.25,0.75,6.0,0.875],"rotation":0,"texture":"#0","tintindex":0},"south":{"uv":[8.125,0.75,9.5,0.875],"rotation":0,"texture":"#0","tintindex":0},"north":{"uv":[6.0,0.75,7.375,0.875],"rotation":0,"texture":"#0","tintindex":0},"west":{"uv":[7.375,0.75,8.125,0.875],"rotation":0,"texture":"#0","tintindex":0},"up":{"uv":[7.375,0.75,6.0,0.0],"rotation":0,"texture":"#0","tintindex":0},"down":{"uv":[8.75,0.0,7.375,0.75],"rotation":0,"texture":"#0","tintindex":0}}}],"textures":{"0":"modelengine:entity/greyreefshark"},"display":{"head":{"translation":[0.0,-6.4,0.0],"scale":[4.0,4.0,4.0]}}}