{"elements":[{"from":[7.714286,2.9308453,5.9288282],"to":[8.285714,15.5022745,9.928828],"rotation":{"angle":0.0,"axis":"y","origin":[8.0,5.428571,-9.1428585]},"faces":{"east":{"uv":[6.75,4.75,7.625,7.5],"rotation":0,"texture":"#0","tintindex":0},"south":{"uv":[8.625,4.75,8.75,7.5],"rotation":0,"texture":"#0","tintindex":0},"north":{"uv":[7.625,4.75,7.75,7.5],"rotation":0,"texture":"#0","tintindex":0},"west":{"uv":[7.75,4.75,8.625,7.5],"rotation":0,"texture":"#0","tintindex":0},"up":{"uv":[7.75,4.75,7.625,3.875],"rotation":0,"texture":"#0","tintindex":0},"down":{"uv":[7.875,3.875,7.75,4.75],"rotation":0,"texture":"#0","tintindex":0}}}],"textures":{"0":"modelengine:entity/greyreefshark"},"display":{"head":{"translation":[0.0,-6.4,0.0],"scale":[4.0,4.0,4.0]}}}