{"elements":[{"from":[6.285714,5.428571,8.0],"to":[9.714286,10.571428,20.0],"rotation":{"angle":0.0,"axis":"y","origin":[8.0,5.428571,2.8571424]},"faces":{"east":{"uv":[0.0,6.5,2.625,7.625],"rotation":0,"texture":"#0","tintindex":0},"south":{"uv":[6.0,6.5,6.75,7.625],"rotation":0,"texture":"#0","tintindex":0},"north":{"uv":[2.625,6.5,3.375,7.625],"rotation":0,"texture":"#0","tintindex":0},"west":{"uv":[3.375,6.5,6.0,7.625],"rotation":0,"texture":"#0","tintindex":0},"up":{"uv":[3.375,6.5,2.625,3.875],"rotation":0,"texture":"#0","tintindex":0},"down":{"uv":[4.125,3.875,3.375,6.5],"rotation":0,"texture":"#0","tintindex":0}}},{"from":[8.0,10.571428,11.428572],"to":[8.0,12.285715,16.0],"rotation":{"angle":0.0,"axis":"y","origin":[8.0,5.428571,2.8571424]},"faces":{"east":{"uv":[0.0,3.875,1.0,4.25],"rotation":0,"texture":"#0","tintindex":0},"south":{"uv":[2.0,3.875,2.0,4.25],"rotation":0,"texture":"#0","tintindex":0},"north":{"uv":[1.0,3.875,1.0,4.25],"rotation":0,"texture":"#0","tintindex":0},"west":{"uv":[1.0,3.875,2.0,4.25],"rotation":0,"texture":"#0","tintindex":0},"up":{"uv":[1.0,3.875,1.0,2.875],"rotation":0,"texture":"#0","tintindex":0},"down":{"uv":[1.0,2.875,1.0,3.875],"rotation":0,"texture":"#0","tintindex":0}}},{"from":[8.0,3.7142854,11.428572],"to":[8.0,5.428571,16.0],"rotation":{"angle":0.0,"axis":"y","origin":[8.0,5.428571,2.8571424]},"faces":{"east":{"uv":[0.0,2.375,1.0,2.75],"rotation":0,"texture":"#0","tintindex":0},"south":{"uv":[2.0,2.375,2.0,2.75],"rotation":0,"texture":"#0","tintindex":0},"north":{"uv":[1.0,2.375,1.0,2.75],"rotation":0,"texture":"#0","tintindex":0},"west":{"uv":[1.0,2.375,2.0,2.75],"rotation":0,"texture":"#0","tintindex":0},"up":{"uv":[1.0,2.375,1.0,1.375],"rotation":0,"texture":"#0","tintindex":0},"down":{"uv":[1.0,1.375,1.0,2.375],"rotation":0,"texture":"#0","tintindex":0}}}],"textures":{"0":"modelengine:entity/greyreefshark"},"display":{"head":{"translation":[0.0,-6.4,0.0],"scale":[4.0,4.0,4.0]}}}